date,player_id,SHAP_overall_rating,SHAP_potential,SHAP_stamina,SHAP_strength,SHAP_sprint_speed,SHAP_agility,SHAP_reactions,SHAP_rating_rolling,SHAP_days_since_last_match,SHAP_stamina_norm,SHAP_sprint_norm,SHAP_sharpness_decay,SHAP_recovery_factor
2016-04-07,12386,0.0,0.0,-0.01501960748129155,0.0,0.01144995005466384,0.0,0.0,0.0,-0.00144939861952928,0.0,0.0,0.0011662883067912744,-0.06651385104291618
2016-03-10,25421,0.0,0.0,0.07887665570368114,0.0,-0.01085717962051128,0.0,0.0,0.0,-0.0011267632489189994,0.0,0.0,0.0024032513358292914,-0.13116692431626892
2016-04-28,13449,0.0,0.0,-0.0901318288555938,0.0,-0.0006945443851254346,0.0,0.0,0.0,-0.001706449140935804,0.0,0.0,0.001136451945442733,0.09401793396022008
2015-04-24,32304,0.0,0.0,-0.0795539806006638,0.0,-0.0003707409328478073,0.0,0.0,0.0,-0.001404615772160515,0.0,0.0,-0.0036509443371308585,-0.16398617903219817
2015-12-03,31915,0.0,0.0,-0.012205729175828565,0.0,0.017478796441788538,0.0,0.0,0.0,-0.0017770743606192636,0.0,0.0,0.0022317892911812576,-0.15221537361216567
2015-09-21,38341,0.0,0.0,0.15426428452129873,0.0,-0.02660378939597394,0.0,0.0,0.0,0.0017692892708394375,0.0,0.0,0.0012428796438244127,0.18856713340316286
2015-04-24,40001,0.0,0.0,0.020336597304498022,0.0,0.001352809932794713,0.0,0.0,0.0,-0.0014312467625088028,0.0,0.0,-0.007307099090365465,-0.17228267888877677
2015-03-20,41199,0.0,0.0,-0.09165649346266638,0.0,0.012422619566834558,0.0,0.0,0.0,0.0,0.0,0.0,0.001142503282452051,-0.00512073457141372
2016-01-07,26148,0.0,0.0,-0.007565155643962774,0.0,-0.020748251034160885,0.0,0.0,0.0,0.0066521350776968784,0.0,0.0,0.0011159030669436326,0.14188782114898263
2015-10-09,74077,0.0,0.0,-0.03356088746572989,0.0,0.006052383021780573,0.0,0.0,0.0,-0.0012072444667188265,0.0,0.0,-0.0017303617064743306,-0.146816401977319
2016-03-24,79264,0.0,0.0,-0.01864206285810644,0.0,0.00893734106160364,0.0,0.0,0.0,0.0009674551072844841,0.0,0.0,0.0011009811854924363,-0.005741557548422961
2016-03-31,40961,4.406447017107906e-05,0.0,0.14152822718190985,0.0,0.019862477211738536,0.0,0.0,0.0,0.0012973919742584712,0.0,0.0,0.0012074427834714613,0.2154384789816667
2015-07-03,41536,0.0,0.0,0.16780252584109825,0.0,-0.07011837385881622,0.0,0.0,0.0,0.0012822607555152401,0.0,0.0,0.001200900576890318,0.1793123117613679
2016-04-28,70513,0.0,0.0,0.17678372539688672,0.0,-0.007321027103384896,0.0,0.0,0.0,0.001648370837840167,0.0,0.0,0.0012376026598442391,0.1953974451748229
2016-02-19,36784,0.0,0.0,0.007068623770012902,0.0,-0.000904417924257106,0.0,0.0,0.0,-0.0016815433578330097,0.0,0.0,0.0011512710381516274,0.16322799431105897
2016-05-05,45461,0.0,0.0,-0.020962843295041923,0.0,0.004299498330202868,0.0,0.0,0.0,0.01202265892991296,0.0,0.0,0.0011044877739305459,0.15264112350604211
2015-03-13,114076,0.0,0.0,-0.07425505803324516,0.0,0.02357709873550286,0.0,0.0,0.0,-0.0016323530778997915,0.0,0.0,0.00111444641587094,-0.06895553237115576
2015-10-30,26886,0.0,0.0,-0.010060937329722488,0.0,0.0,0.0,0.0,0.0,-0.0005800213332452508,0.0,0.0,0.0017888761380556212,-0.10981501113949563
2015-10-30,37422,0.0,0.0,-0.10351969540444061,0.0,0.0039341087781397666,0.0,0.0,0.0,-0.0015200621486080297,0.0,0.0,-0.002403367657943416,-0.15940644358745146
2015-10-16,114268,0.0,0.0,-0.005854161835704695,0.0,-0.009562042036269616,0.0,0.0,0.0,-0.0012122718647271102,0.0,0.0,-0.00716508884269283,-0.1586838626945945
2016-04-21,114333,0.0,0.0,-0.06827067534644363,0.0,0.006902940690015205,0.0,0.0,0.0,0.00044090685046728473,0.0,0.0,0.001103227545579693,-0.005171120109195994
2015-09-21,36373,0.0,0.0,0.1971118640864459,0.0,-0.030485794783388045,0.0,0.0,0.0,0.0012180984081258117,0.0,0.0,0.0012369402036923125,0.19417564681129548
2015-09-21,46030,0.0,0.0,-0.055686986388304514,0.0,-0.001967095969391029,0.0,0.0,0.0,-0.0014401133025676444,0.0,0.0,0.001127492928934437,-0.07603006481937813
2015-04-10,33048,0.0,0.0,-0.0998393210821208,0.0,0.0030822795966236726,0.0,0.0,0.0,-0.002004962491059658,0.0,0.0,0.0010829380387380695,0.09604327830177706
2016-04-21,26613,0.0,0.0,0.03980799929048539,0.0,0.008965172345881511,0.0,0.0,0.0,0.0015726175941008448,0.0,0.0,0.0013029484417794168,0.2098019128707273
2015-09-21,22824,0.0,0.0,-0.018317971014335275,0.0,0.03256575315705498,0.0,0.0,0.0,0.0020394242050160035,0.0,0.0,0.0011291175012167753,0.21822396578551365
2015-09-21,19344,0.0,0.0,0.13208289039189572,0.0,-0.04576016536730823,0.0,0.0,0.0,0.0013050390465321356,0.0,0.0,0.0011930976925609293,0.18961270179656686
2016-04-07,107848,0.0,0.0,-0.034140152900058285,0.0,-0.017065591758042377,0.0,0.0,0.0,-0.002296584472532863,0.0,0.0,0.000997527794509949,0.02071624580342969
2015-09-25,24208,0.0,0.0,-0.02537797480947845,0.0,0.01699231854288898,0.0,0.0,0.0,-0.004516291703893093,0.0,0.0,0.0011530697632737147,0.09135484724879475
2015-11-06,115585,0.0,0.0,0.04530631248403006,0.0,0.003007276273367887,0.0,0.0,0.0,-0.001360359988105228,0.0,0.0,0.002526804124826153,-0.14655202102969514
2015-09-21,30892,0.0,0.0,-0.0393373863163934,0.0,0.01735482162799376,0.0,0.0,0.0,0.0020541248362358367,0.0,0.0,0.0011319553331063659,0.21295885552864563
2015-10-02,40495,0.0,0.0,-0.0865978775995832,0.0,-0.01335008523755066,0.0,0.0,0.0,-0.0013073206662446227,0.0,0.0,0.0011454586118106458,-0.0720372084720129
2016-03-24,114680,0.0,0.0,0.060296562635800174,0.0,0.022107242431967704,0.0,0.0,0.0,0.0020068885604905373,0.0,0.0,0.0011041249943090636,-0.007918211563327154
2015-04-10,42008,0.0,0.0,0.014437183457405177,0.0,0.009157544377874652,0.0,0.0,0.0,-0.0014544864706861615,0.0,0.0,0.0011424971883094322,0.05625620506563287
2016-03-03,93450,0.0,0.0,0.12857200719644946,0.0,-0.027218608368576414,0.0,0.0,0.0,0.0,0.0,0.0,0.0023026098966103282,-0.09445632759145155
2016-04-21,25957,0.0,0.0,-0.015125649171353185,0.0,-0.008795432237646745,0.0,0.0,0.0,-0.0012727455159015078,0.0,0.0,-0.007415816924987507,-0.1632931187121476
2015-04-24,39965,0.0,0.0,-0.03445647944533964,0.0,-0.009185969128293591,0.0,0.0,0.0,0.004176956498686878,0.0,0.0,0.0009884410545158984,0.18907659253554235
2016-02-04,36391,0.0,0.0,0.006003466418474383,0.0,0.012549221750908848,0.0,0.0,0.0,-0.0015952152771785966,0.0,0.0,-0.008232145303807727,-0.1824978839231309
2015-03-06,37779,0.0,0.0,-0.034286936332993435,0.0,0.011797571508977131,0.0,0.0,0.0,-0.001707349377252731,0.0,0.0,-0.0016123874749274514,-0.16486579709723534
2015-11-19,94325,0.0,0.0,-0.029063364315579134,0.0,0.007214666939833509,0.0,0.0,0.0,-0.001490526845295079,0.0,0.0,0.0010694964099739607,-0.07730969361975946
2016-01-07,34304,0.0,0.0,-0.06718637530335525,0.0,0.008593550344345747,0.0,0.0,0.0,-0.001352084244953224,0.0,0.0,0.0010964780471482154,0.05830108393901626
2015-07-31,30824,0.0,0.0,0.059883873520421176,0.0,-0.02101349257235535,0.0,0.0,0.0,0.0012028728073335603,0.0,0.0,0.0011199975975883722,-0.005751641880951422
2016-05-12,21446,0.0,0.0,0.02018834449696323,0.0,-0.0018303619338879272,0.0,0.0,0.0,0.0013904789457635672,0.0,0.0,0.0011229866462191002,-0.006108716513527002
2016-03-17,33025,0.0,0.0,-0.08321179332888126,0.0,0.007394085384794435,0.0,0.0,0.0,-0.0015086604550639915,0.0,0.0,0.002108156201038075,-0.1430735748600023
2015-10-02,39782,0.0,0.0,-0.10262680105298368,0.0,-0.0025686299918612717,0.0,0.0,0.0,-0.0003309035865998178,0.0,0.0,0.0011308795844435912,-0.005435592756162368
2015-05-08,37537,0.0,0.0,-0.039797197290077455,0.0,0.0011809160156982495,0.0,0.0,0.0,-0.0007609059460988998,0.0,0.0,0.0019168777599864548,-0.11026603038635782
2016-03-03,70891,0.0,0.0,-0.0007994322781774421,0.0,-0.010737787400948018,0.0,0.0,0.0,-0.0011929188369462424,0.0,0.0,-0.0022217406563758407,-0.14829092061626592
2015-10-16,102631,0.0,0.0,-0.00530302988032772,0.0,0.010531173521544793,0.0,0.0,0.0,-0.0015227866087347552,0.0,0.0,-0.007674631258375714,-0.17613743790679895
2016-03-03,26108,0.0,0.0,0.00037967750208758866,0.0,0.00440067092994047,0.0,0.0,0.0,-0.0014470793165071764,0.0,0.0,-0.002216798965300104,-0.16448116143749994
2015-09-21,52563,0.0,0.0,-0.048340827589757045,0.0,0.04400093282858948,0.0,0.0,0.0,0.0020949174901491677,0.0,0.0,0.0011431875604991926,0.2234008909141992
2015-05-08,67949,0.0,0.0,0.1984437750327371,0.0,-0.025008917858058755,0.0,0.0,0.0,-0.0009497088726602987,0.0,0.0,0.0022968208802876967,-0.09347240998607202
2015-03-13,69030,0.0,0.0,0.06944033118668584,0.0,0.011636801097989613,0.0,0.0,0.0,0.0016732882984547748,0.0,0.0,0.0012306679754623406,0.2076631888650277
2015-09-21,11758,0.0,0.0,-0.07860296882831659,0.0,0.03589227522942333,0.0,0.0,0.0,0.008725942099783123,0.0,0.0,0.0011224571307690001,0.19300155927975432
2016-03-17,26295,0.0,0.0,0.13637684330490532,0.0,-0.007299862646464618,0.0,0.0,0.0,0.0012781904383972937,0.0,0.0,0.001179363462156302,0.203983112558382
2015-09-21,31293,0.0,0.0,0.18250703548798275,0.0,-0.04662976395366703,0.0,0.0,0.0,0.001252678376555072,0.0,0.0,0.001277033309529662,0.1875106206001619
2015-09-21,49692,0.0,0.0,-0.02466949296457955,0.0,0.015256432623968252,0.0,0.0,0.0,0.001988184579983499,0.0,0.0,0.0010850198992725102,0.21209097914068836
2016-02-18,25526,0.0,0.0,0.03878527048585091,0.0,-0.011478493065825003,0.0,0.0,0.0,-0.0005649016274043156,0.0,0.0,0.002173042317066633,-0.10521625216296622
2015-03-27,108572,0.0,0.0,-0.039123097483928504,0.0,-0.03061822733153658,0.0,0.0,0.0,0.001980408979225644,0.0,0.0,0.001108418443064474,0.19480808873204786
2015-04-17,33065,0.0,0.0,-0.07907932907608174,0.0,-0.0019778282598733408,0.0,0.0,0.0,-0.0013585760486194971,0.0,0.0,0.0020734594010683727,-0.13708385991737462
2015-09-21,19243,0.0,0.0,-0.07807127009333681,0.0,0.03732670192992684,0.0,0.0,0.0,0.0021692572595837963,0.0,0.0,0.0011249806673100937,0.2206217239588118
2015-10-02,97331,0.0,0.0,0.06203826837912765,0.0,-0.01226422057982247,0.0,0.0,0.0,0.0,0.0,0.0,0.0013392565723934179,-0.07425480547056985
2015-05-15,118929,0.0,0.0,0.01734394682842542,0.0,-0.02088437690973971,0.0,0.0,0.0,-0.002088515247059944,0.0,0.0,0.0012002945037982021,0.09279593640401898
2015-09-21,40010,0.0,0.0,0.170133116299646,0.0,0.024925730228205236,0.0,0.0,0.0,0.001231977706263987,0.0,0.0,0.0012599675460264672,0.2168735702534639
2015-09-21,46898,0.0,0.0,-0.044175686982581175,0.0,-0.004224117824199686,0.0,0.0,0.0,0.002053552491540772,0.0,0.0,0.0011101228974163269,0.20454337309281725
2016-05-05,33579,0.0,0.0,-0.046386818449417014,0.0,0.020433381512161605,0.0,0.0,0.0,0.01489260306291553,0.0,0.0,0.0011522006091979065,0.1564083288940234
2016-01-21,45220,0.0,0.0,-0.04333327955906161,0.0,0.02412919142255481,0.0,0.0,0.0,0.001016743563225942,0.0,0.0,0.0011201172202820915,-0.005897993008949267
2015-09-21,25628,0.0,0.0,-0.02463589306501077,0.0,-0.002291620122372786,0.0,0.0,0.0,0.0018931787048330224,0.0,0.0,0.0010764304726006146,0.20610815095795365
2016-05-19,38293,0.0,0.0,0.046059228803090935,0.0,-0.016702673495903254,0.0,0.0,0.0,0.006711148673180955,0.0,0.0,0.0012754442422816814,0.16496789298347111
2016-01-07,24531,0.0,0.0,0.016252187667252786,0.0,-0.061516674189281695,0.0,0.0,0.0,0.006926884340893874,0.0,0.0,0.00113249108906259,0.1328409446832952
2015-10-09,41890,0.0,0.0,-0.097230351140897,0.0,0.011235445646363673,0.0,0.0,0.0,-0.0014626722318805407,0.0,0.0,-0.0023977266586752066,-0.15145062578234755
2015-07-03,22834,0.0,0.0,-0.05466145207690744,0.0,0.009483807649057013,0.0,0.0,0.0,-0.001622339058754696,0.0,0.0,-0.0023233035268268743,-0.1628831008461509
2015-09-21,49543,0.0,0.0,0.000682404526498398,0.0,0.021965903967582488,0.0,0.0,0.0,0.0018807583261110322,0.0,0.0,0.0012226438331913833,0.21431040915838998
2015-03-13,27277,0.0,0.0,-0.018246072017654595,0.0,0.009939695551241936,0.0,0.0,0.0,-0.0014256263927339755,0.0,0.0,0.001757457821602637,-0.1070240615548728
2016-03-31,24411,0.0,0.0,-0.013681188900090601,0.0,-0.012927121490641002,0.0,0.0,0.0,0.007701630037777741,0.0,0.0,0.0010944978455835336,0.13143449251994926
2016-01-07,78908,0.0,0.0,-0.004810280462003964,0.0,0.010722976342935701,0.0,0.0,0.0,0.007399836759976587,0.0,0.0,0.0010930812524539424,0.15261643776884437
2016-04-28,118434,0.0,0.0,-0.06397328354258369,0.0,0.011312581140042107,0.0,0.0,0.0,-0.001656127125265222,0.0,0.0,-0.006796855579379672,-0.1820936332285851
2015-09-21,16511,0.0,0.0,0.0387877301714316,0.0,-0.02540733891597837,0.0,0.0,0.0,0.0015493013479839128,0.0,0.0,0.0012596147479342623,0.19766721315238794
2015-10-09,26399,0.0,0.0,0.0023514225507883513,0.0,-0.0019241105550555884,0.0,0.0,0.0,-0.000940901279648167,0.0,0.0,-0.0023423681401744697,-0.1406514464562679
2015-05-08,41564,0.0,0.0,-0.028927503311547614,0.0,0.00920523420809978,0.0,0.0,0.0,0.001993454413249886,0.0,0.0,0.0010575447480921651,0.20987656917053554
2016-04-07,106292,0.0,0.0,-0.024471752735178463,0.0,0.009566997772653964,0.0,0.0,0.0,0.00115642559727595,0.0,0.0,0.0010775813859033906,-0.005939160988865086
2016-04-21,47563,0.0,0.0,0.005376705346991178,0.0,0.00982462847421964,0.0,0.0,0.0,0.0010261967296602992,0.0,0.0,0.001155686863211829,-0.00630455945915171
2015-07-03,23788,0.0,0.0,0.02003146452227348,0.0,0.0020003961434019446,0.0,0.0,0.0,-0.0014076635536850069,0.0,0.0,-0.0018339112516843974,-0.15768166763067842
2015-03-20,40487,0.0,0.0,-0.01026185253847408,0.0,0.017192265178286342,0.0,0.0,0.0,0.007233893652957467,0.0,0.0,0.0011661555221482434,0.1861599426419359
2015-09-21,33668,0.0,0.0,0.1080226670828553,0.0,-0.00171826357439947,0.0,0.0,0.0,0.0013516241654332947,0.0,0.0,0.0010991956534548205,0.20674968746953676
2015-05-29,92252,0.0,0.0,-0.00023539156046767373,0.0,0.0018828870148684467,0.0,0.0,0.0,-0.0013633723762146467,0.0,0.0,-0.0022224151866929577,-0.1582148562147907
2015-07-03,74044,0.0,0.0,-0.01514187987212881,0.0,-0.007682282856677488,0.0,0.0,0.0,-0.001364867132506442,0.0,0.0,-0.0018447795982969918,-0.14985872017701177
2016-01-07,37294,0.0,0.0,0.020795613339581426,0.0,-0.021804133578522,0.0,0.0,0.0,0.006517275764164801,0.0,0.0,0.0011043468982526172,0.14451200304694206
2015-09-21,41195,0.0002780484192788646,0.0,0.22231670212474738,0.0,-0.01326332600261383,0.0,0.0,0.0,0.0012573086987809423,0.0,0.0,0.001165752974469043,0.19878931542084133
2016-05-05,38239,0.0,0.0,0.005280874322884659,0.0,0.012218705217849964,0.0,0.0,0.0,-0.0015607460779073212,0.0,0.0,-0.0017538683473987883,-0.16592625893318708
2015-09-25,105610,0.0,0.0,-0.02519752420253909,0.0,-0.016983786493466043,0.0,0.0,0.0,-0.0034866165927342277,0.0,0.0,0.0010841990879246546,0.0879154429203486
2016-01-21,40197,0.0,0.0,-0.01302621238911382,0.0,-0.03266276392905519,0.0,0.0,0.0,0.0010227559280445025,0.0,0.0,0.0011045962433943776,0.12390442580702941
2015-09-21,41707,0.0,0.0,0.03871661849619419,0.0,-0.014703524994325104,0.0,0.0,0.0,0.0015517625137906443,0.0,0.0,0.00126585163062648,0.200832275145376
2015-05-22,69149,0.0,0.0,0.17415279963554625,0.0,-0.010848823778330708,0.0,0.0,0.0,0.0,0.0,0.0,0.0023787719302576157,-0.10544465241455792
2015-11-12,116555,0.0,0.0,0.0008537810875776514,0.0,0.009967335070201467,0.0,0.0,0.0,-0.001461203223348971,0.0,0.0,0.0021534049874009247,-0.1233396610111732
2016-04-28,52265,0.0,0.0,0.04486401766048648,0.0,-0.08319923427840546,0.0,0.0,0.0,0.0016211146721918472,0.0,0.0,0.001192105246505648,0.17325271659339225
2016-03-03,33028,0.0,0.0,-0.014844888758841553,0.0,0.005620524308015575,0.0,0.0,0.0,-0.001517471139701243,0.0,0.0,-0.007655901613851336,-0.1764749527878109
2015-12-17,102356,0.0,0.0,-0.024964027710539873,0.0,0.0018387761042858862,0.0,0.0,0.0,-0.0015596973529440814,0.0,0.0,0.0010806746427904634,0.09294894613204135
2015-07-03,46221,0.0,0.0,-0.02485540589070199,0.0,-0.00038150487412685896,0.0,0.0,0.0,-0.001460643364225973,0.0,0.0,-0.0020400298128085055,-0.15584445353682208
2015-03-20,78511,0.0,0.0,0.0005841483963330927,0.0,0.01109627401811624,0.0,0.0,0.0,0.0012724203680718866,0.0,0.0,0.0012184653267122464,-0.006703529337117781
2015-05-29,56952,0.0,0.0,-0.03337547465856394,0.0,0.014502037217025846,0.0,0.0,0.0,0.009383457705691017,0.0,0.0,0.0010078812182591212,0.17506736734288053
2015-03-13,27349,0.0,0.0,-0.01059425027560365,0.0,-0.003077813149189695,0.0,0.0,0.0,-0.0013434288535160775,0.0,0.0,0.0011608069311972447,-0.06294762574550297
2016-02-18,77774,0.0,0.0,0.015294196488144918,0.0,-0.002176947661213846,0.0,0.0,0.0,-0.001286388000338451,0.0,0.0,-0.0017332244937613528,-0.15498709311159603
2015-10-30,23425,0.0,0.0,-0.015317408291200029,0.0,-0.005632072930130722,0.0,0.0,0.0,-0.000579512902067314,0.0,0.0,0.0017638318556569962,-0.1074291506921684
2016-04-14,118897,0.0,0.0,-0.10322487281517234,0.0,0.004452265062516503,0.0,0.0,0.0,-0.0015770181233068891,0.0,0.0,-0.0023920761939606773,-0.16464106647165105
2015-07-03,37783,0.0,0.0,-0.04399858266492901,0.0,0.0017771721035842458,0.0,0.0,0.0,-0.0014973020888513274,0.0,0.0,-0.002314016295893732,-0.15689086472403999
2015-08-27,94325,0.0,0.0,-0.03374663641971054,0.0,-0.0015596523283099367,0.0,0.0,0.0,-0.001373729316262868,0.0,0.0,0.0015588738686871384,-0.10870542765637259
2016-04-21,43319,0.0,0.0,0.0007263598949816541,0.0,0.010059476685345504,0.0,0.0,0.0,-0.00150465852920571,0.0,0.0,-0.002234041363358062,-0.16912794392658065
2016-03-10,36802,0.0,0.0,0.041063143510445314,0.0,-0.01991018863244199,0.0,0.0,0.0,-0.0012314312172345403,0.0,0.0,0.0014601566604926716,-0.05627128670768459
2016-05-05,27302,0.0,0.0,0.014523650286944504,0.0,-0.012654133471566105,0.0,0.0,0.0,0.0016634477809601023,0.0,0.0,0.0011699317261862352,0.2014211136145232
2015-09-21,46342,0.0,0.0,-0.014652263772950785,0.0,0.00031654686959003975,0.0,0.0,0.0,0.0019692268228669774,0.0,0.0,0.0011451742626557686,0.2066914127337983
2015-11-26,74034,0.0,0.0,-0.026653479445152933,0.0,0.001496203020537643,0.0,0.0,0.0,-0.001386607210491176,0.0,0.0,0.0010841691740911402,-0.06229188046987192
2015-03-27,69650,0.0,0.0,0.18875299327859782,0.0,-0.038117279274908884,0.0,0.0,0.0,0.002167323208375394,0.0,0.0,0.0012738994363978295,0.17976719085755552
2015-10-23,40108,0.0,0.0,-0.08831103031671872,0.0,0.0011812377653697137,0.0,0.0,0.0,-0.0015108675594980255,0.0,0.0,-0.006746491035199069,-0.17267128074754098
2015-10-16,73845,0.0,0.0,-0.0789314335393372,0.0,0.011631788079111686,0.0,0.0,0.0,-0.0015197050529475176,0.0,0.0,-0.0020044062582283,-0.16491080058900942
2015-09-21,74009,0.0,0.0,0.046169614185093154,0.0,-0.003734583576103884,0.0,0.0,0.0,0.006699969834363533,0.0,0.0,0.001211099986142522,0.1698462746045985
2016-01-21,112476,0.0,0.0,0.04172067454509712,0.0,-0.01552892083742224,0.0,0.0,0.0,-0.001210197467490029,0.0,0.0,0.001225681175903676,0.015264931595742744
2015-06-12,33632,0.0,0.0,0.020850362527729933,0.0,0.010379050004646713,0.0,0.0,0.0,-0.0014622828696675416,0.0,0.0,0.0021361205690528973,-0.1448215057099057
2015-11-06,37411,0.0,0.0,0.08067722335327585,0.0,0.0016367037526036172,0.0,0.0,0.0,-0.001231955897690054,0.0,0.0,0.002530835883335867,-0.14438796564584086
2016-04-21,37753,0.0,0.0,-0.005387538420349594,0.0,-0.02763258603781559,0.0,0.0,0.0,0.0018225683024068067,0.0,0.0,0.001096061635830925,0.19611360508105985
2015-05-08,33422,0.0,0.0,0.0722011102703773,0.0,-0.02554111885125905,0.0,0.0,0.0,0.0014936695380712488,0.0,0.0,0.001246732187462657,0.1972272974984199
2015-09-21,26162,0.0,0.0,-0.014567888846167037,0.0,-0.007802900119516,0.0,0.0,0.0,0.0018560003565769412,0.0,0.0,0.0011345987565519744,0.20374421291216066
2015-09-21,40656,0.0,0.0,-0.04421714300654985,0.0,-0.02465529741277715,0.0,0.0,0.0,0.0020316872094217394,0.0,0.0,0.0010969453006473562,0.19673833867646026
2015-09-21,39556,0.0,0.0,-0.014684200355483906,0.0,0.01961488907284534,0.0,0.0,0.0,0.002021215724650365,0.0,0.0,0.0011527646001615877,0.2131579073888626
2015-04-17,33030,0.0,0.0,-0.029877549782179408,0.0,-0.0008840927163219492,0.0,0.0,0.0,-0.0014983384511884214,0.0,0.0,-0.0021018628050709235,-0.16063173935819441
2015-09-21,78185,0.0,0.0,-0.07876693052874124,0.0,0.005819640794860257,0.0,0.0,0.0,0.0021761304421015286,0.0,0.0,0.001101991079213549,0.20863734013691854
2015-09-21,71603,0.0,0.0,-0.009777831804732174,0.0,-0.001775080763216808,0.0,0.0,0.0,0.0018943339278090416,0.0,0.0,0.001150937671166835,0.20629385517161553
2015-09-21,69911,0.0,0.0,0.008980608987273696,0.0,-0.025529963419596246,0.0,0.0,0.0,0.001716224043769087,0.0,0.0,0.0011681377606383159,0.19693378033977385
2015-09-21,43248,0.0,0.0,-0.024155808105994346,0.0,0.006622396708150128,0.0,0.0,0.0,0.00191597239357904,0.0,0.0,0.0010801479543539327,0.20913787540788814
2016-03-31,73845,0.0,0.0,-0.07613362238911821,0.0,0.02043471740514109,0.0,0.0,0.0,-0.002385964559880173,0.0,0.0,0.0011288291267346623,0.023538430338072545
2015-11-12,40295,0.0,0.0,-0.0598769500507574,0.0,0.008554451068394024,0.0,0.0,0.0,-0.001618757566572173,0.0,0.0,0.0021469692591221667,-0.1474601318283526
2015-09-21,39070,0.0,0.0,0.16782291810598784,0.0,-0.07016858555821157,0.0,0.0,0.0,0.0013060805522591857,0.0,0.0,0.0012314608549618966,0.17928775112105821
2015-03-20,114794,0.0,0.0,-0.04858098660600278,0.0,0.0157159589970384,0.0,0.0,0.0,0.0007017599487562573,0.0,0.0,0.0011257195831681553,-0.005546022313899766
2015-05-22,68552,0.0,0.0,-0.038531297112036386,0.0,0.025653170651899173,0.0,0.0,0.0,0.0015309150277988978,0.0,0.0,0.0011321010156602786,-0.006359091316195905
2015-05-01,30254,0.0,0.0,0.01921784951859791,0.0,-0.008046495185075088,0.0,0.0,0.0,-0.0012702792847024136,0.0,0.0,0.0011672132370676115,0.12201011026962913
2015-11-19,36554,0.0,0.0,-0.05237584081768436,0.0,0.03100558959840388,0.0,0.0,0.0,0.0012086133109624063,0.0,0.0,0.0011105082693416424,-0.006312402814798997
2016-05-12,13454,0.0,0.0,0.15546199723526263,0.0,-0.05144412985650561,0.0,0.0,0.0,0.0013207744680863165,0.0,0.0,0.001222084886074555,0.18654916930108434
2015-09-21,41404,0.0,0.0,-0.0004272971937431813,0.0,0.003916364826789954,0.0,0.0,0.0,0.001818783103366966,0.0,0.0,0.0011993058878073193,0.20781606824812962
2015-09-21,41467,0.0,0.0,-0.03920843479398012,0.0,-0.004154992409139146,0.0,0.0,0.0,0.0019848231695036,0.0,0.0,0.0011202979809528668,0.2050177057945508
2016-03-10,89476,0.0,0.0,0.04145231888745624,0.0,0.016908196553833788,0.0,0.0,0.0,0.0049279702607739955,0.0,0.0,0.0013078248431199757,0.1890031565833312
2015-10-09,50074,0.0,0.0,-0.04272518446477099,0.0,0.01659446980339818,0.0,0.0,0.0,-0.0013979480215891016,0.0,0.0,-0.0022934399490886245,-0.15398686260389804
2015-09-21,99047,0.0,0.0,0.04982350789602594,0.0,9.588190075682235e-05,0.0,0.0,0.0,0.0015470895768431399,0.0,0.0,0.001258577256623584,0.2051148041368766
2016-03-31,29257,0.0,0.0,-0.00437937314566658,0.0,0.005927933860502856,0.0,0.0,0.0,0.001250115818882229,0.0,0.0,0.0010811865823005373,-0.005908802988999182
2015-09-21,71764,0.0,0.0,-0.049158341349409794,0.0,0.012069548106677512,0.0,0.0,0.0,0.008859095981093962,0.0,0.0,0.001140428056540882,0.18446025599456237
2015-10-30,36326,0.0,0.0,-0.08930532697494563,0.0,-0.014197121261682417,0.0,0.0,0.0,-0.00024187946880499522,0.0,0.0,0.0011179169505596176,-0.003573686001346463
2015-10-16,43372,0.0,0.0,0.03575194073987011,0.0,-0.0013397673726388837,0.0,0.0,0.0,-0.0014915964946823125,0.0,0.0,-0.008489012318148187,-0.16407590199989827
2015-11-19,23115,0.0,0.0,0.005576759231615989,0.0,-0.002771525962550461,0.0,0.0,0.0,-0.0012205400034894828,0.0,0.0,0.001163701493620023,-0.07498323172499542
2015-10-16,26166,0.0,0.0,-0.028819477080903034,0.0,0.0125008334116636,0.0,0.0,0.0,-0.0016616527270695292,0.0,0.0,-0.006185989135164059,-0.17718621910934465
2016-03-03,25816,0.0,0.0,0.0003246315722589162,0.0,0.0003334460477905567,0.0,0.0,0.0,-0.0013509024216083047,0.0,0.0,0.001225768459833816,-0.021041707597417234
2015-09-21,118822,0.0,0.0,-0.010960419087372674,0.0,-0.031602153255546155,0.0,0.0,0.0,0.001835542240104322,0.0,0.0,0.0011475373337198336,0.1944044373546564
2015-07-03,97789,0.0,0.0,-0.04375507816704555,0.0,0.005789375949923319,0.0,0.0,0.0,-0.0014745243630426776,0.0,0.0,0.0018951676346346258,-0.1053897380136315
2015-09-21,40536,0.0,0.0,-0.05292879129267547,0.0,0.02448238363789457,0.0,0.0,0.0,-0.0025542500142884425,0.0,0.0,0.001117844378607638,0.020992544338807248
2015-03-27,40710,0.0,0.0,0.0398268314597251,0.0,-0.004525886429032434,0.0,0.0,0.0,-0.0005480392944093998,0.0,0.0,0.0022891135699276343,-0.10850306877353613
2015-12-10,97487,0.0,0.0,0.09356843810195326,0.0,0.015798528560888737,0.0,0.0,0.0,0.002143278831643689,0.0,0.0,0.001101487721985761,-0.007494141745991485
2016-01-21,22894,0.0,0.0,-0.08544355954848226,0.0,-0.013642658812018909,0.0,0.0,0.0,-0.001715134134487102,0.0,0.0,0.0011521712945304075,-0.05868216605644104
2015-09-21,71524,0.0,0.0,0.21964836508047236,0.0,-0.06884031712115934,0.0,0.0,0.0,0.0016566114780271145,0.0,0.0,0.0012126429465023625,0.17161594278269762
2015-05-01,40775,0.0,0.0,-0.01916161135103617,0.0,0.00033729197512903306,0.0,0.0,0.0,0.0009149448416578718,0.0,0.0,0.0010878949207864602,-0.005492023562511109
2015-11-12,110947,0.0,0.0,0.034982682795444926,0.0,0.011431392094314992,0.0,0.0,0.0,0.00010219041671975793,0.0,0.0,0.0013807030309251752,0.016068801519763323
2015-10-02,115675,0.0,0.0,0.20242887004151608,0.0,-0.0265790114943393,0.0,0.0,0.0,0.0015161104904537841,0.0,0.0,0.0011969063558411042,-0.005325132164797731
2015-03-13,36326,0.0,0.0,-0.09999224280370823,0.0,-0.02619666789886761,0.0,0.0,0.0,0.0023520553580820263,0.0,0.0,0.001139377455478402,0.19503165046568127
2016-04-28,67896,0.0,0.0,-0.019998960671227913,0.0,-0.012101712690107963,0.0,0.0,0.0,0.0010292632004257965,0.0,0.0,0.001085065911972319,-0.005849456070972313
2015-09-21,43375,0.0,0.0,-0.060151413893495376,0.0,0.0,0.0,0.0,0.0,0.010117585495631524,0.0,0.0,0.001070933828189985,0.17940617177967103
2016-03-24,39122,0.0,0.0,-0.02922218953471737,0.0,0.011015385198198486,0.0,0.0,0.0,-0.0015078640799012918,0.0,0.0,0.00107899694012345,-0.0657425389788825
2015-11-12,27306,0.0,0.0,0.0684351599228506,0.0,-0.007186719757894506,0.0,0.0,0.0,0.0,0.0,0.0,0.001222239775411249,0.015445527224158628
2015-05-08,46374,0.0,0.0,-0.04858422748317896,0.0,0.015720934238501995,0.0,0.0,0.0,0.0007051558966745877,0.0,0.0,0.0011280698249509081,-0.005553502867888262
2015-10-16,24693,0.0,0.0,0.05117670512657904,0.0,0.009569962927157012,0.0,0.0,0.0,-0.0016303120125823606,0.0,0.0,-0.007620500382476589,-0.17410463428440381
2016-03-17,35906,0.0,0.0,0.1722940980400194,0.0,-0.015192132021333623,0.0,0.0,0.0,-0.0012870121760275802,0.0,0.0,-0.003198196903489945,-0.1463216399483636
2015-03-13,112471,0.0,0.0,-0.004500845703697535,0.0,0.0006153458183755234,0.0,0.0,0.0,0.0019014530974733942,0.0,0.0,0.0010889931400954935,0.20696494256734502
2015-10-23,27267,0.0,0.0,0.04585283592729256,0.0,0.006190978913361045,0.0,0.0,0.0,-0.0015371462608980424,0.0,0.0,-0.008214348440838442,-0.17634946719478148
2015-04-24,98220,0.0,0.0,0.005209803436231335,0.0,0.00704622581815602,0.0,0.0,0.0,-0.00043756851480114545,0.0,0.0,0.0017915560224422353,-0.11362309178591802
2016-04-14,106228,0.0,0.0,-0.04858006881911758,0.0,0.015712487352082076,0.0,0.0,0.0,0.0007011362342620314,0.0,0.0,0.0011331876462165615,-0.005550312804382818
2015-09-21,25990,0.0,0.0,-0.0293267539824212,0.0,0.01978707012351879,0.0,0.0,0.0,0.0029777241787817834,0.0,0.0,0.0010632395547135465,0.2047434599857033
2016-06-09,77727,0.0,0.0,-0.07749737146892531,0.0,0.012138201957990454,0.0,0.0,0.0,0.0002465815959223211,0.0,0.0,0.0010937461807180547,-0.004328937927122555
2016-04-07,19327,0.0,0.0,0.017885460682150255,0.0,0.015895470120020187,0.0,0.0,0.0,-0.001069530939266053,0.0,0.0,0.0011439483011968536,0.05578825167391716
2015-10-16,36183,0.0,0.0,-0.028910934073805107,0.0,0.011684854118244445,0.0,0.0,0.0,-0.0016385277544757881,0.0,0.0,-0.006169616138084222,-0.17643075475738815
2016-01-21,49847,0.0,0.0,-0.06930012456559519,0.0,-0.009539361882627943,0.0,0.0,0.0,0.008280667240599561,0.0,0.0,0.0011073090153422421,0.17617029103768497
2015-09-21,25773,0.0,0.0,-0.04836199870902749,0.0,0.003031325411111898,0.0,0.0,0.0,0.002124337790119738,0.0,0.0,0.0011252031007610852,0.20793296607836614
2015-06-12,40951,0.0,0.0,-0.06913792745906344,0.0,0.008644491147598288,0.0,0.0,0.0,-0.001605705413308789,0.0,0.0,-0.006705040394948433,-0.1794465981348801
2015-07-03,111193,0.0,0.0,0.2186414465718609,0.0,-0.021759840971610527,0.0,0.0,0.0,-0.000984719226082044,0.0,0.0,-0.003372249049865693,-0.1331330173141651
2015-10-30,51341,0.0,0.0,-0.05467803564676875,0.0,0.00742158369076648,0.0,0.0,0.0,-0.0015445664496928357,0.0,0.0,-0.002312042963429239,-0.1696709001951781
2016-04-21,46243,0.0,0.0,-0.09638374512758438,0.0,-0.004797907789369428,0.0,0.0,0.0,0.003802711249410994,0.0,0.0,0.0011502210166113719,0.195719901875516
2016-04-14,36326,0.0,0.0,-0.08967065987561579,0.0,-0.025964960212994707,0.0,0.0,0.0,0.0022685524867497946,0.0,0.0,0.001134282291987962,0.19538827055247793
2016-05-05,111060,0.0,0.0,0.015462861171908872,0.0,-0.0006318581902840514,0.0,0.0,0.0,-0.0013466793604919199,0.0,0.0,-0.008094148284806533,-0.17087980201217057
2015-05-29,77778,0.0,0.0,-0.033921569656604755,0.0,0.025812915282771357,0.0,0.0,0.0,0.002071985197186002,0.0,0.0,0.001014953662731688,0.21612861414954151
2015-11-26,36388,0.0,0.0,0.010476257821867329,0.0,0.0,0.0,0.0,0.0,-0.0013455953047925573,0.0,0.0,-0.00799549333061227,-0.17098445839511311
2015-11-12,40581,0.0,0.0,0.14666925515258686,0.0,-0.018606848642422767,0.0,0.0,0.0,-0.0011529346540199575,0.0,0.0,0.002369590623215725,-0.1059544216390679
2015-10-16,46384,0.0,0.0,-0.02426806871968903,0.0,0.013626830635774587,0.0,0.0,0.0,-0.0017482136222903566,0.0,0.0,-0.0019796281049727043,-0.1668586615792892
2016-02-18,75489,0.0,0.0,-0.11178978789014342,0.0,0.0014263943371536913,0.0,0.0,0.0,-0.0015772918048795649,0.0,0.0,-0.0024190729402770385,-0.15883014177228252
2015-07-24,69509,0.0,0.0,-0.014721793201230505,0.0,-0.004814375124864166,0.0,0.0,0.0,0.0005059500794475161,0.0,0.0,0.0011266539447990244,-0.023632108988643
2016-04-21,107929,0.0,0.0,-0.014876674813956022,0.0,-0.007955840650867288,0.0,0.0,0.0,-0.00209788470263489,0.0,0.0,0.001126809971899484,0.05641090940155807
2016-02-18,50047,0.0,0.0,-0.07894661565560569,0.0,0.013235671336310754,0.0,0.0,0.0,-0.0015948666941124068,0.0,0.0,-0.0020076057130648584,-0.16639223238122244
2016-04-21,96616,0.0,0.0,0.000770148277146887,0.0,0.01200089367862042,0.0,0.0,0.0,-0.0015566886066011442,0.0,0.0,-0.0022225557843536282,-0.17081260934311954
2016-01-21,26708,0.0,0.0,-0.0648328840428976,0.0,-0.03468446381249898,0.0,0.0,0.0,0.009512861072760875,0.0,0.0,0.0011595411662572302,0.16680099848593677
2015-05-29,109121,0.0,0.0,-0.043761095155849264,0.0,0.012671854084596453,0.0,0.0,0.0,-0.002364258848663891,0.0,0.0,0.001133278549214821,0.0208052618863631
2015-03-13,41688,0.0,0.0,-0.05454820653098341,0.0,0.0011944172730057967,0.0,0.0,0.0,0.0003695416353408018,0.0,0.0,0.001094178064552448,-0.004858735637008807
2016-04-28,25984,0.0,0.0,0.030327153928864346,0.0,0.0004516426455591499,0.0,0.0,0.0,-0.0014348697220766015,0.0,0.0,0.002535332468067404,-0.1393261958383682
2015-04-17,41643,0.0,0.0,0.16069173287250516,0.0,-0.012602653839426764,0.0,0.0,0.0,-0.0014098943403753825,0.0,0.0,-0.007187965061732067,-0.15755631234361173
2015-11-26,75373,0.0,0.0,-0.01909218216003607,0.0,0.01205554173251424,0.0,0.0,0.0,-0.001557025174469956,0.0,0.0,-0.001903275394976938,-0.17407220697728398
2016-06-02,97762,0.0,0.0,-0.0107968629637977,0.0,0.012247311022700618,0.0,0.0,0.0,-0.002120668816059976,0.0,0.0,0.0011437233014188405,0.023556231441400653
2015-05-08,66933,0.0,0.0,0.10838761816489041,0.0,-0.0073200402861546094,0.0,0.0,0.0,0.0012958809769542474,0.0,0.0,0.0011130456881105477,0.20446690141222928
2015-05-08,42231,0.0,0.0,0.18575839207037187,0.0,-0.03304979012393634,0.0,0.0,0.0,0.0016770060316016028,0.0,0.0,0.0012310226351321951,-0.006871002166828786
2015-06-12,73574,0.0,0.0,-0.05881525261848308,0.0,0.0026352314734558136,0.0,0.0,0.0,0.0022062002606138566,0.0,0.0,0.0011028981342965094,0.20754465035188346
2015-06-12,79274,0.0,0.0,-0.004130079943328715,0.0,0.01497380011073762,0.0,0.0,0.0,-0.001369220483692616,0.0,0.0,0.0011419475397608375,-0.06632837001805761
2015-09-21,49711,0.0,0.0,0.020040685451602352,0.0,0.03767123848289237,0.0,0.0,0.0,0.0017018669780048915,0.0,0.0,0.0011456380775736186,0.22126176455598348
2015-07-10,11849,0.0,0.0,-0.02473276815778848,0.0,-0.0034636430662679726,0.0,0.0,0.0,-0.001957835074483402,0.0,0.0,0.0010616364235354267,0.056564631305735226
2015-05-01,23268,0.0,0.0,-0.04388688662502298,0.0,0.004660510438886664,0.0,0.0,0.0,0.0020841358583341737,0.0,0.0,0.0011210552589085987,0.20820923089842808
2015-04-10,32088,0.0,0.0,-0.02047385235957235,0.0,-0.02556601593595023,0.0,0.0,0.0,0.0019101724182894447,0.0,0.0,0.001096520362037251,0.19675778855588152
2015-04-17,94284,0.0,0.0,0.017431339371948195,0.0,0.008909454295793345,0.0,0.0,0.0,-0.001544889051380574,0.0,0.0,0.0011386819248991142,0.05518990023294605
2016-06-02,118929,0.0,0.0,0.0382033618577021,0.0,-0.015085520341151322,0.0,0.0,0.0,-0.000603859170355811,0.0,0.0,0.0021847625354453155,-0.10259560586858833
2015-12-03,40659,0.0,0.0,-0.05953145974388526,0.0,0.012021822395264108,0.0,0.0,0.0,-0.0016823755910067295,0.0,0.0,-0.006609732500176253,-0.1826052383231754
2015-10-16,31291,0.0,0.0,-0.06281026278805836,0.0,0.01284622745869214,0.0,0.0,0.0,-0.0017401981649335652,0.0,0.0,-0.006786185497878272,-0.1766971614442901
2016-04-21,33865,0.0,0.0,-0.010125718091225307,0.0,0.0024303522553731556,0.0,0.0,0.0,0.0019457961266773106,0.0,0.0,0.0011544494529680538,0.20751251951362826
2015-11-06,94260,0.0,0.0,0.03522018002344835,0.0,-0.0003248264585091337,0.0,0.0,0.0,-0.0013980599762807642,0.0,0.0,0.002789445997987571,-0.14472078862672516
2016-01-28,50047,0.0,0.0,-0.0788388134488201,0.0,0.012420029206501102,0.0,0.0,0.0,-0.0016763443904340702,0.0,0.0,-0.006738025859991566,-0.18274817410790045
2016-02-04,39207,0.0,0.0,0.019478298445914206,0.0,-0.010176663239080168,0.0,0.0,0.0,-0.0006121725326743016,0.0,0.0,0.0017389663020397224,-0.10490760016288504
2015-09-21,32826,0.0,0.0,-0.02404159801116996,0.0,0.005486561636335393,0.0,0.0,0.0,-0.001541467872234366,0.0,0.0,0.0018087245319650946,-0.12025546622629672
2015-11-26,39304,0.0,0.0,0.17219475806274115,0.0,-0.031274026638749244,0.0,0.0,0.0,-0.0011402835532685195,0.0,0.0,0.001391859973610965,-0.05117349412577701
2015-04-24,24446,0.0,0.0,0.07876539007963441,0.0,-0.013718067443115597,0.0,0.0,0.0,-0.0011025125014709897,0.0,0.0,-0.006493212522197505,-0.15900341124510017
2016-04-21,30892,0.0,0.0,-0.03822654822032364,0.0,0.011464468568855116,0.0,0.0,0.0,-0.0011768670812169896,0.0,0.0,0.001139749064313056,0.05889752301031236
2015-11-19,78410,0.0,0.0,0.02722020054848096,0.0,0.007228448171239878,0.0,0.0,0.0,-0.0013551053584539077,0.0,0.0,0.0012303707161120019,-0.07676530974755451
2015-09-21,22988,0.0,0.0,-0.007142145690466912,0.0,-0.05535145395668155,0.0,0.0,0.0,0.001905175078463334,0.0,0.0,0.0011016361721624263,0.1838309905275556
2015-03-13,96968,0.0,0.0,0.00977957529836479,0.0,-0.009869571884132865,0.0,0.0,0.0,-0.0011646102555426807,0.0,0.0,-0.0017356178750707577,-0.14888403216270976
2015-03-13,40220,0.0,0.0,-0.0498303634768311,0.0,0.010959903579573377,0.0,0.0,0.0,-0.0015211063789929453,0.0,0.0,0.0011614106401532653,-0.06639241681573255
2015-10-02,47193,0.0,0.0,-0.029292115348305444,0.0,0.008166601883593288,0.0,0.0,0.0,-0.00045146749882875314,0.0,0.0,0.0010704097682672793,-0.07747382152900198
2015-09-21,78902,0.0,0.0,0.01081641849248051,0.0,0.02452584783803851,0.0,0.0,0.0,0.0018403715321006133,0.0,0.0,0.0011708748857369167,0.21531730113995484
2015-10-09,43341,0.0,0.0,-0.03930261880424734,0.0,0.009155321561829872,0.0,0.0,0.0,-0.0013066290855451856,0.0,0.0,-0.002326931273804521,-0.14936247276365225
2015-09-21,40735,0.0,0.0,0.03904101411466434,0.0,-0.0295621239184866,0.0,0.0,0.0,0.0015696487416280386,0.0,0.0,0.0012321737618180562,0.19599663423922462
2015-03-20,34275,0.0,0.0,-0.0011626347778467615,0.0,-0.024676769619758,0.0,0.0,0.0,-0.0010532139038850312,0.0,0.0,0.001205086775869564,-0.0189635871403134
2015-07-03,109280,0.0,0.0,0.04470954143652436,0.0,0.0002484600291554062,0.0,0.0,0.0,0.0015480887047418308,0.0,0.0,0.0012636101142024035,0.20676085099992764
2015-12-10,34420,0.0,0.0,0.07740723688591221,0.0,-0.025071911818531707,0.0,0.0,0.0,-0.0009248191176043363,0.0,0.0,0.002312188841960959,-0.12305973274249132
2016-05-19,38441,0.0,0.0,-0.04379418968778789,0.0,0.006087700523669729,0.0,0.0,0.0,-0.0015710013243444565,0.0,0.0,-0.002296266426458391,-0.15970069544356327
2016-05-05,41083,0.0,0.0,0.04469401376091852,0.0,0.0002486490149803955,0.0,0.0,0.0,0.0015599078685445886,0.0,0.0,0.001273843603066111,0.206754137037042
2016-03-03,30840,0.0,0.0,0.09109948956143123,0.0,-0.026236040530404608,0.0,0.0,0.0,-0.0003939635170597672,0.0,0.0,0.0020509609038771117,-0.09520053031853407
2016-02-04,73841,0.0,0.0,0.04359955823573933,0.0,-0.015600791476418092,0.0,0.0,0.0,0.0015953358378942581,0.0,0.0,0.0012162193480493924,-0.0069818728450089405
2016-04-14,30978,0.0,0.0,0.0832523616863155,0.0,-0.004456143825531438,0.0,0.0,0.0,0.0015536774480445648,0.0,0.0,0.0011451110944390164,-0.007267045250475683
2016-01-14,27427,0.0,0.0,-0.059188732313186124,0.0,0.004508427341015327,0.0,0.0,0.0,-0.0015893958532297782,0.0,0.0,0.0021092307323407056,-0.1408130709580895
2016-03-03,24469,0.0,0.0,-0.039802728411682864,0.0,0.012841811663220886,0.0,0.0,0.0,0.001996785149352935,0.0,0.0,0.001128797249336816,0.21110949458589243
2016-04-28,35905,0.0,0.0,0.0010024541775746102,0.0,0.004146044693067352,0.0,0.0,0.0,-0.0005688072292208413,0.0,0.0,0.00196677886699442,-0.11166018320663677
2015-03-13,30937,0.0,0.0,0.01053680897981419,0.0,0.012477039903695076,0.0,0.0,0.0,0.0012605931255639572,0.0,0.0,0.0011451066179161626,-0.006687624480575602
2015-11-06,72532,0.0,0.0,-0.004560767059449243,0.0,0.000337683391112481,0.0,0.0,0.0,-0.0013929524441296305,0.0,0.0,0.0020165553437444133,-0.14396619475813544
2016-03-17,16511,0.0,0.0,0.039763698119601905,0.0,-0.008380676997451458,0.0,0.0,0.0,-0.0013433858595551518,0.0,0.0,-0.003230181132545476,-0.14844043345939745
2015-04-10,37520,0.0,0.0,0.01619938470844618,0.0,0.002766110996157396,0.0,0.0,0.0,-0.00132609248442217,0.0,0.0,0.0022117354098684637,-0.1403665127242977
2015-09-21,41754,0.0,0.0,-0.058443945443723666,0.0,0.002657238811199125,0.0,0.0,0.0,0.0034064237306212428,0.0,0.0,0.0011126342338425854,0.19958769995070497
2015-11-06,66753,0.0,0.0,0.0058231110141417405,0.0,0.01082183047902844,0.0,0.0,0.0,-0.0014529105062763559,0.0,0.0,0.0022388455570018307,-0.15109204014219468
2015-10-16,71560,0.0,0.0,0.015328881073266323,0.0,0.025093094806176622,0.0,0.0,0.0,0.0018217385805395876,0.0,0.0,0.0011749768344145664,-0.007759644078220132
2015-03-13,24676,0.0,0.0,-0.07922535256545657,0.0,0.0011269918674713941,0.0,0.0,0.0,-0.0014685065150948165,0.0,0.0,-0.006408373596564337,-0.17224507938531536
2015-07-31,6853,0.0,0.0,0.06879096296782075,0.0,0.0,0.0,0.0,0.0,0.0015170815718173177,0.0,0.0,0.0010455004159400372,-0.006704854880895886
2015-03-06,56916,0.0,0.0,-0.05377531960646803,0.0,0.0074303980644859656,0.0,0.0,0.0,-0.0007499832759114977,0.0,0.0,0.001961556240647992,-0.11246816960670107
2015-07-03,110137,0.0,0.0,-0.07809460783436102,0.0,0.0037584041315402517,0.0,0.0,0.0,0.012198954851421348,0.0,0.0,0.0010423680505095984,0.16717985565607435
2015-09-21,26144,0.0,0.0,0.054218873276516776,0.0,0.009129422862266163,0.0,0.0,0.0,0.001548897679821878,0.0,0.0,0.0012225889238609011,0.20974339011648777
2016-04-28,67389,0.0,0.0,-0.05502420098370188,0.0,-0.002148908447640778,0.0,0.0,0.0,-0.0017815273435534866,0.0,0.0,0.0011310517557211325,-0.020374696656402184
2016-04-07,74403,0.0,0.0,0.004635923650575612,0.0,-0.0018200429248203512,0.0,0.0,0.0,-0.00039928147957986326,0.0,0.0,0.0017741118723600343,-0.10985628832157081
2015-11-06,41433,0.0,0.0,-0.11502841071985498,0.0,0.007388568289156477,0.0,0.0,0.0,-0.0017156148829550188,0.0,0.0,-0.006536116038590172,-0.17891591064867754
2015-10-02,23253,0.0,0.0,-0.06122650636095882,0.0,-0.014266148751843255,0.0,0.0,0.0,-0.0010082909653018146,0.0,0.0,0.0011018667016201855,-0.07326135466096328
2015-09-21,37087,0.0,0.0,-0.0006250268501649114,0.0,-0.031426468207830766,0.0,0.0,0.0,0.0017657972910600488,0.0,0.0,0.0012022423755861382,0.194599297680082
2015-11-19,96618,0.0,0.0,0.17749045953851342,0.0,-0.022560317749323683,0.0,0.0,0.0,0.0017599259851134145,0.0,0.0,0.0012156837281530053,-0.007581911271752813
2016-03-10,31092,0.0,0.0,0.019679579368212907,0.0,-0.008159701639565463,0.0,0.0,0.0,0.0019125672768024694,0.0,0.0,0.0011147131808166844,0.19942958488600473
2015-08-14,71898,0.0,0.0,0.004990520736619702,0.0,-0.006436842971867831,0.0,0.0,0.0,0.0011823996994832515,0.0,0.0,0.0011470431091587436,-0.006011919207207747
2016-01-07,40916,0.0,0.0,0.16117192375734193,0.0,-0.0034455463539637184,0.0,0.0,0.0,-0.0015621325529536698,0.0,0.0,0.002188002020686251,-0.13711904360902014
2015-09-21,32769,0.0,0.0,0.09805419884848074,0.0,-0.03278849450257042,0.0,0.0,0.0,0.0013683136417893846,0.0,0.0,0.001235175330447369,0.1937622977170759
2015-07-03,18848,0.0,0.0,0.039839704761631754,0.0,-0.009846104174531254,0.0,0.0,0.0,-0.001315136914108811,0.0,0.0,-0.00321792661239783,-0.14735444737920694
2015-03-27,33773,0.0,0.0,-0.054594049318044714,0.0,0.003564839849597682,0.0,0.0,0.0,-0.0015955327113865037,0.0,0.0,0.0021002412734755505,-0.14039629682909469
2015-04-10,95614,0.0,0.0,-0.03414842228674173,0.0,-0.00199279787114937,0.0,0.0,0.0,-0.001393298204478183,0.0,0.0,0.0009971401481066317,-0.06220668412003645
2015-10-23,117432,0.0,0.0,0.005773651545771148,0.0,0.0,0.0,0.0,0.0,-0.0012824759477781666,0.0,0.0,-0.007930944910700777,-0.170716357812317
2015-09-21,24403,0.0,0.0,0.015211342926650823,0.0,0.002594227358308688,0.0,0.0,0.0,0.0017363612073844998,0.0,0.0,0.0011755205069274854,0.20767789306274592
2015-09-21,47532,0.0,0.0,0.17211173271005983,0.0,-0.03891351244270569,0.0,0.0,0.0,0.0012483968288153346,0.0,0.0,0.0012261698985558673,0.19119342474743736
2015-06-12,40022,0.0,0.0,-0.005362819291298898,0.0,0.0017697310974478793,0.0,0.0,0.0,0.007311102791651588,0.0,0.0,0.0010877025359472547,0.18104776639415093
2015-04-10,27316,0.0,0.0,-0.037950615381605754,0.0,0.016504303078575994,0.0,0.0,0.0,-0.0009174612650499903,0.0,0.0,0.0011407817165351888,0.059892163035845915
2016-02-04,105828,0.0,0.0,0.13415166755129349,0.0,-0.07086735308351054,0.0,0.0,0.0,0.001834849578850797,0.0,0.0,0.0011790671481673731,0.1722573216156294
2015-11-06,42594,0.0,0.0,-0.014356120463604526,0.0,0.0028741352513176888,0.0,0.0,0.0,-0.0014689839970221663,0.0,0.0,-0.0018446689896308016,-0.15797816780677656
2016-03-03,43375,0.0,0.0,-0.059126031315364896,0.0,-0.007031711724712492,0.0,0.0,0.0,-0.001448809445858489,0.0,0.0,0.002085919011164783,-0.13215967370491835
2015-05-29,42231,0.0,0.0,0.1858326089402302,0.0,-0.018189269315775462,0.0,0.0,0.0,-0.0012833483552782618,0.0,0.0,-0.0031798697354727813,-0.13925919582707874
2015-09-21,39273,0.0,0.0,0.07367037365076784,0.0,-0.034559856286576526,0.0,0.0,0.0,0.0014859950163860487,0.0,0.0,0.0011987370062850056,0.1937684482790674
2015-10-16,25925,0.0,0.0,-0.06407717602953301,0.0,0.008916796871564147,0.0,0.0,0.0,-0.0015804592135094941,0.0,0.0,-0.00229331817687765,-0.16251432399215804
2015-10-23,96456,0.0,0.0,0.015333042657012233,0.0,0.0182722872907763,0.0,0.0,0.0,0.0013285862787221416,0.0,0.0,0.0011707453859161887,-0.007391880093729145
2015-09-21,40967,0.0,0.0,0.005315958575558594,0.0,0.024010842125565927,0.0,0.0,0.0,0.0018777743736713027,0.0,0.0,0.0011697685099512911,0.21518806709769267
2016-02-11,118508,0.0,0.0,-0.004287418290288972,0.0,0.01362104507823147,0.0,0.0,0.0,-0.0016487183301302796,0.0,0.0,-0.0013838984998023052,-0.1670534978856852
2016-03-17,25925,0.0,0.0,0.005569159978995749,0.0,0.01350628528253053,0.0,0.0,0.0,0.0010549798731815246,0.0,0.0,0.0011568926200246103,-0.006458305748211213
2016-04-07,39562,0.0,0.0,0.0008665331115304264,0.0,0.02621194830270826,0.0,0.0,0.0,0.0018781295782100828,0.0,0.0,0.0012371644903290458,0.21598819162666394
2015-10-23,46392,0.0,0.0,-0.008955409021694862,0.0,0.02033812898589316,0.0,0.0,0.0,0.0010478549027120136,0.0,0.0,0.0011588784557437508,-0.006309071553712204
2016-04-21,30714,0.0,0.0,0.0734539517833651,0.0,-0.020934342134280515,0.0,0.0,0.0,-0.0009685696402683686,0.0,0.0,-0.006662600118588491,-0.1519728758598189
2016-05-05,40601,0.0,0.0,0.0157079703463969,0.0,0.008899118527297772,0.0,0.0,0.0,0.0011787061333502838,0.0,0.0,0.0011610826490359204,-0.006772312489845928
2016-06-02,108381,0.0,0.0,-0.0056757653304471,0.0,-0.01855424561341985,0.0,0.0,0.0,0.003126415223011162,0.0,0.0,0.001095550209339935,0.1918564640751202
2015-03-13,97699,0.0,0.0,-0.009199246619646329,0.0,0.032283283134673046,0.0,0.0,0.0,0.0019884145938855956,0.0,0.0,0.001175717155217304,0.21807765060236164
2015-09-21,72256,0.0,0.0,0.04758655636904488,0.0,-0.0006752737385413987,0.0,0.0,0.0,-0.0021910589780730805,0.0,0.0,0.0012647299910715896,0.05235871895986674
2015-11-06,51953,0.0,0.0,-0.07477889460573138,0.0,-0.0011315962130467871,0.0,0.0,0.0,-0.0014104226719769595,0.0,0.0,-0.001807767716445867,-0.15464223093340684
2015-05-22,94916,0.0,0.0,-0.07475447303849059,0.0,0.0021568237933702744,0.0,0.0,0.0,-0.001358534603953569,0.0,0.0,0.0017487796342020578,-0.10328754753993663
2016-04-21,38805,0.0,0.0,0.13236655880141215,0.0,-0.02346193618819597,0.0,0.0,0.0,0.001262436324513191,0.0,0.0,0.0011892682135195565,0.19854997896652413
2015-09-21,42909,0.0,0.0,0.16004882363438863,0.0,-0.03086727405971909,0.0,0.0,0.0,0.0012301021303220416,0.0,0.0,0.0012176756361629065,0.19532396678702504
2015-10-16,58499,0.0,0.0,-0.015297535542725494,0.0,0.005716311225527091,0.0,0.0,0.0,-0.001510423243843595,0.0,0.0,-0.00764766920555556,-0.17153833195056745
2015-10-09,41640,0.0,0.0,-0.08036829089481487,0.0,0.004971542484706428,0.0,0.0,0.0,-0.0013281881311808241,0.0,0.0,-0.0020798900044619005,-0.14798002634640928
2016-01-21,113868,0.0,0.0,0.06908736878233936,0.0,-0.024786653488334944,0.0,0.0,0.0,0.0009106804759788645,0.0,0.0,0.0011404359762499324,-0.0045100543321497455
2016-04-21,24536,0.0,0.0,-0.033999565863600735,0.0,0.012113167207567123,0.0,0.0,0.0,0.0006201961151052725,0.0,0.0,0.0010121524475291198,-0.005657040429605335
2015-07-03,49541,0.0,0.0,0.18367827822715682,0.0,-0.04717831540688568,0.0,0.0,0.0,0.0038766940754057615,0.0,0.0,0.001354447636952305,0.15429697530493144
2016-03-31,79246,0.0,0.0,-0.052794095695476696,0.0,0.037119837245097424,0.0,0.0,0.0,-0.0008485600338627164,0.0,0.0,0.0011090974791926392,0.12840666557344493
2016-01-21,32711,0.0,0.0,-0.07678282164472573,0.0,-0.0018489942630536052,0.0,0.0,0.0,0.010350151683264492,0.0,0.0,0.0010663255428126073,0.14698039252019365
2016-01-07,110883,0.0,0.0,-0.044042697877031786,0.0,0.010883890484996045,0.0,0.0,0.0,-0.0016537219887098886,0.0,0.0,-0.00225884059831076,-0.16926055138978097
2016-02-18,39842,0.0,0.0,-0.01432312732367044,0.0,0.013676445422977598,0.0,0.0,0.0,0.0020086537872519507,0.0,0.0,0.0011453018664762116,0.20992839122856827
2015-09-21,38253,0.0,0.0,-0.06660467421899503,0.0,0.0069423394580436235,0.0,0.0,0.0,-0.001379972073474018,0.0,0.0,0.0011196691691098325,0.05927288966779322
2015-11-12,96836,0.0,0.0,0.13479918161648036,0.0,-0.02439056076372845,0.0,0.0,0.0,-0.0012129608935945169,0.0,0.0,0.0022884792825554508,-0.10012134594513732
2015-09-21,26423,0.0,0.0,-0.0873133514552322,0.0,0.0015466345328926934,0.0,0.0,0.0,-0.001309261893050653,0.0,0.0,-0.0017030848978656454,-0.1384157052221862
2015-10-09,31160,0.0,0.0,0.0017163865965001135,0.0,-0.008049002481322192,0.0,0.0,0.0,-0.0008904193350215335,0.0,0.0,-0.002334731768638658,-0.1365835512433388
2015-07-10,30618,0.0,0.0,-0.02449927101628968,0.0,-0.011822766068370372,0.0,0.0,0.0,-0.0013105815029673907,0.0,0.0,0.0016980712737036108,-0.09834930600834373
2016-01-28,30872,0.0,0.0,-0.0251688774296909,0.0,-0.009734073093256159,0.0,0.0,0.0,-0.0013437423924612946,0.0,0.0,-0.002021626521199747,-0.14860509940117764
2016-02-11,21849,0.0,0.0,-0.06818671538291209,0.0,-0.000656021313150205,0.0,0.0,0.0,-0.0014085859308219817,0.0,0.0,0.0019053467089135967,-0.10255798767765807
2015-09-21,108075,0.0,0.0,-0.09819017501442487,0.0,0.011561693119923097,0.0,0.0,0.0,0.002472313823432614,0.0,0.0,0.0011524449823184513,0.2097852485516165
2015-09-21,46365,0.0,0.0,0.1971124761112428,0.0,-0.010591336070624605,0.0,0.0,0.0,0.0012157009501942739,0.0,0.0,0.0012617667865815196,0.20219126767631654
2015-09-21,79982,0.0,0.0,-0.0443397321188044,0.0,0.036194561702487665,0.0,0.0,0.0,0.003138888038586561,0.0,0.0,0.0011360163144057966,0.21111895604263917
2016-02-04,46212,0.0,0.0,-0.019558831541224942,0.0,0.016987342703794515,0.0,0.0,0.0,0.0032172176153739463,0.0,0.0,0.0011075114669018837,0.20341167135312174
2016-04-07,89251,0.0,0.0,-0.054468051509673224,0.0,0.006850749837973671,0.0,0.0,0.0,-0.0015770504035881039,0.0,0.0,0.0021255681444214713,-0.14291529700961886
2016-04-28,35587,0.0,0.0,-0.07685248176269387,0.0,0.011797304457895095,0.0,0.0,0.0,0.014824698649032634,0.0,0.0,0.0010634239598774214,0.15411837900976771
2015-11-26,26545,0.0,0.0,0.0035514695058064187,0.0,-0.041708131860535076,0.0,0.0,0.0,-0.0002891784564966332,0.0,0.0,0.0011369426501106098,-0.005975843627987896
2015-05-08,41269,0.0,0.0,-0.003269883982767983,0.0,0.024746630169535835,0.0,0.0,0.0,-0.0017471028168167787,0.0,0.0,0.0011436591855301706,-0.022778354174295735
2015-09-21,80295,0.0,0.0,-0.07794682310607476,0.0,0.027837495624305812,0.0,0.0,0.0,0.0022334289892458592,0.0,0.0,0.0011073465895737322,0.21673894731897067
2015-11-12,41708,0.0,0.0,0.18219817704477434,0.0,-0.01677281044755211,0.0,0.0,0.0,-0.0012771547208155418,0.0,0.0,0.0025489718973936634,-0.10652730591683054
2015-09-21,24408,0.0,0.0,0.16565789409807394,0.0,-0.0753530456107544,0.0,0.0,0.0,0.0013541473127048342,0.0,0.0,0.0012346890743499112,0.17660931475917632
2015-04-10,73999,0.0,0.0,-0.06007785116955707,0.0,0.01011924031043209,0.0,0.0,0.0,-0.0015818017787028217,0.0,0.0,0.0011443185194306843,-0.06598916983123554
2015-09-25,35587,0.0,0.0,-0.07755620566644965,0.0,0.009440383136340135,0.0,0.0,0.0,-0.00494788972015597,0.0,0.0,0.001045862941985793,0.08986172385218492
2015-09-21,31199,0.0,0.0,-0.0830027753048308,0.0,0.0015839937756391615,0.0,0.0,0.0,0.0034653775894667865,0.0,0.0,0.001091740843065847,0.1985535777444766
2015-09-21,27663,0.0,0.0,0.09255470332449316,0.0,-0.011659456596805944,0.0,0.0,0.0,0.0013645284334294092,0.0,0.0,0.001214230812233985,0.20216110997794903
2015-05-08,39762,0.0,0.0,0.0,0.0,-0.021590423999983753,0.0,0.0,0.0,-0.0009135326039342306,0.0,0.0,-0.002117429555346328,-0.1419816701821454
2016-05-05,37580,0.0,0.0,0.003048509152447925,0.0,0.016571893788543412,0.0,0.0,0.0,-0.0019498192300241024,0.0,0.0,0.0012485963122249807,0.022616676551581547
2015-04-10,77813,0.0,0.0,-0.01986635631193555,0.0,-0.005490851653266168,0.0,0.0,0.0,-0.0013628506263996254,0.0,0.0,-0.006693562598897529,-0.1662984593179717
2015-09-21,37753,0.0,0.0,-0.005776546314127774,0.0,-0.02938220666083337,0.0,0.0,0.0,0.0069919448306108925,0.0,0.0,0.0010856731667790442,0.16966447761916323
2016-03-03,41807,0.0,0.00011210359285201976,0.20198740232971696,0.00017374219110456867,-0.06387064788323127,0.0,0.0,0.0,0.004987381338873447,0.0,0.0,0.0011660097207468012,0.1367044417579473
2015-05-22,75578,0.0,0.0,-0.005185067161806334,0.0,-0.007956679377563145,0.0,0.0,0.0,-0.0005595565220578996,0.0,0.0,0.0016034785903744184,-0.10578140009755249
2016-01-21,26545,0.0,0.0,0.0010982377815708655,0.0,-0.027170558526366375,0.0,0.0,0.0,-0.0008456115495686335,0.0,0.0,0.0019178634016388915,-0.0895888153715055
2016-05-12,113672,0.0,0.0,0.000869919309324927,0.0,0.0012272121564030592,0.0,0.0,0.0,-0.0005165979336991533,0.0,0.0,0.0019660490337310385,-0.11002261902496743
2015-11-06,35712,0.0,0.0,-0.07429099842591995,0.0,0.013987243254494679,0.0,0.0,0.0,-0.0016359922537894922,0.0,0.0,-0.0017625770815790293,-0.1666752057997839
2015-04-10,93965,0.0,0.0,0.08385193285241933,0.0,-0.0015146151989501267,0.0,0.0,0.0,-0.0013670417383159494,0.0,0.0,-0.0036576709831456296,-0.1540668746809338
2015-07-03,7621,0.0,0.0,0.1448564340401839,0.0,-0.01897671775597946,0.0,0.0,0.0,-0.0006930210067597475,0.0,0.0,0.001260717448373333,0.049271075818407645
2015-12-03,68802,0.0,0.0,-0.09956037247857531,0.0,-0.010377921540647733,0.0,0.0,0.0,-0.0026449993657752234,0.0,0.0,0.0011355779954420192,0.020520593601292908
2015-09-21,118879,0.0,0.0,-0.03873202526977523,0.0,0.019941409393711335,0.0,0.0,0.0,0.0020454737187917474,0.0,0.0,0.001131123094035541,0.21399145173740614
2016-03-03,31435,0.0,0.0,0.025283997599261403,0.0,0.0006712443415753389,0.0,0.0,0.0,-0.0014218171264774792,0.0,0.0,-0.00801846664474382,-0.1723822047080161
2015-09-21,67958,0.0,0.0,-0.09263712204990635,0.0,0.02159211697810416,0.0,0.0,0.0,0.005197008211389286,0.0,0.0,0.001154351870450654,0.19867961366915188
2015-11-12,38467,0.0,0.0,0.1254306116893669,0.0,-0.00981688541792289,0.0,0.0,0.0,-0.0013906977268635984,0.0,0.0,0.001674417770355839,-0.11050188262308179
2015-09-21,13423,0.0,0.0,0.0339368548824306,0.0,-0.029774612509817867,0.0,0.0,0.0,0.0015360331876411312,0.0,0.0,0.0013225311059594236,0.1954164771775424
2015-11-12,46898,0.0,0.0,-0.05368552752165522,0.0,-0.0029996769736177764,0.0,0.0,0.0,-0.0014259570988637777,0.0,0.0,0.001093332922626207,0.018599567709739532
2016-01-28,33706,0.0,0.0,-0.022293291151934232,0.0,0.0010294129137142782,0.0,0.0,0.0,0.0068179311134760065,0.0,0.0,0.0011230865372411237,0.1470243959018243
2016-01-28,41269,0.0,0.0,0.0011510158350837155,0.0,0.022433766714472957,0.0,0.0,0.0,-0.001664394048637648,0.0,0.0,0.0012640889545897501,-0.023116406716001122
2015-10-16,71765,0.0,0.0,-0.024477156205118967,0.0,0.009568985193059279,0.0,0.0,0.0,0.001154798247401418,0.0,0.0,0.0010820357615518757,-0.005938571965103847
2015-09-21,101201,0.0,0.0,0.17181458750053485,0.0,-0.025594772751416393,0.0,0.0,0.0,0.0012449041728965216,0.0,0.0,0.0012288364745475608,0.19677383546852492
2015-09-21,74744,0.0,0.0,0.05162354999633911,0.0,-0.002296268583298322,0.0,0.0,0.0,-0.002211071863138482,0.0,0.0,0.0013358074692434996,0.052013312717325344
2016-04-07,30843,0.0,0.0,0.019682545444107434,0.0,-0.003653130577174615,0.0,0.0,0.0,-0.0017558605818262724,0.0,0.0,0.001172259131943701,0.09663333234229383
2015-10-16,41268,0.0,0.0,-0.014730517515466208,0.0,-0.0037706185651969204,0.0,0.0,0.0,-0.0013957436591808536,0.0,0.0,-0.0018602710181105943,-0.15284286705787378
2016-01-07,28439,0.0,0.0,-0.05254190600354117,0.0,0.0,0.0,0.0,0.0,0.008950021212701248,0.0,0.0,0.0010788784989003986,0.14629652660305667
2015-04-17,93223,0.0,0.0,0.045632548176937,0.0,0.0015858863930976602,0.0,0.0,0.0,-0.0014148520464719184,0.0,0.0,-0.0034792789310350925,-0.16161344623097257
2016-05-05,39303,0.0,0.0,0.00502227618216831,0.0,-0.04258077152187267,0.0,0.0,0.0,0.0017397640407818046,0.0,0.0,0.0011623892106544798,0.1902610048344591
2016-03-10,112204,0.0,0.0,-0.06428449964702944,0.0,0.01216096728695005,0.0,0.0,0.0,0.009566359346050952,0.0,0.0,0.0010976451422409494,0.18368452738898983
2016-01-21,95257,0.0,0.0,-0.033031997488179934,0.0,0.013119821622865823,0.0,0.0,0.0,-0.0025915031333523155,0.0,0.0,0.0010090195263314367,0.02085698141537963
2015-09-21,24183,0.0,0.0,0.004946723871717891,0.0,-0.006192588865235881,0.0,0.0,0.0,0.0017770380615855853,0.0,0.0,0.001162716632757299,0.2043329050605944
2016-03-10,46716,0.0,0.0,0.004624861695075757,0.0,0.013972399335130772,0.0,0.0,0.0,0.010691980907393725,0.0,0.0,0.001161532211527705,0.15560000075297734
2015-06-12,51348,0.0,0.0,-0.04401397852903362,0.0,0.0012281130663859025,0.0,0.0,0.0,-0.0014074720230591866,0.0,0.0,0.0011372304852949877,-0.06309334070891008
2016-02-25,5610,0.0,0.0,0.0296823893596516,0.0,0.01552553994776331,0.0,0.0,0.0,0.0015882403228452931,0.0,0.0,0.001258358873679255,0.21192227798767393
2016-03-10,26111,0.0,0.0,-0.05889511557833345,0.0,0.006727463873290967,0.0,0.0,0.0,-0.00164630205752192,0.0,0.0,-0.0023130339456376653,-0.16512484796584542
2015-05-08,118616,0.0,0.0,-0.023962759528501354,0.0,0.007290529901335625,0.0,0.0,0.0,-0.0021087126809089295,0.0,0.0,0.0010968175286508947,0.020436580103358297
2015-09-21,34675,0.0,0.0,-0.04007437101055709,0.0,-0.014646169111870229,0.0,0.0,0.0,0.0018995157984684615,0.0,0.0,0.0011328156124099653,0.20036475537459475
2015-09-21,23114,0.00023188580150240723,0.0,0.2178110037875914,0.0,-0.03357878906353117,0.0,0.0,0.0,0.0012789732480022065,0.0,0.0,0.0011566445397555422,0.18936002808918162
2015-10-09,17855,0.0,0.0,-0.012489989423377004,0.0,-0.001308794256634645,0.0,0.0,0.0,-0.0010249308100556687,0.0,0.0,-0.0019321798759698362,-0.1407191576628573
2016-01-14,32867,0.0,0.0,0.02977303404491814,0.0,-0.01137208107030144,0.0,0.0,0.0,-0.0013401879710197018,0.0,0.0,-0.007986391988739079,-0.1603499161383416
2016-03-17,96618,0.0,0.0,0.18065940487732313,0.0,-0.0370408926325001,0.0,0.0,0.0,0.003933887687329817,0.0,0.0,0.001169010345311472,0.1600457914740062
2015-11-06,37450,0.0,0.0,0.1737020508656703,0.0,-0.006748012067549237,0.0,0.0,0.0,-0.0014793276258344753,0.0,0.0,-0.003205051404714746,-0.14931101171178002
2016-03-10,30627,0.0,0.0,0.009637889206822048,0.0,-0.02140981991589197,0.0,0.0,0.0,-0.0008717011049564904,0.0,0.0,-0.001718494273571488,-0.1429136825149736
2015-05-01,41670,0.0,0.0,0.06915598360381459,0.0,-0.006392176283554562,0.0,0.0,0.0,-0.0013237665939455356,0.0,0.0,-0.006501745626343845,-0.1651987794675797
2015-09-21,23264,0.0,0.0,-0.04732573742791326,0.0,0.049485530760654844,0.0,0.0,0.0,0.0021170975724507917,0.0,0.0,0.0011427518526983538,0.22596082212376783
2015-04-17,42579,0.0,0.0,0.03367399278826725,0.0,-0.025611565786337557,0.0,0.0,0.0,0.0015290524275122519,0.0,0.0,0.00134661152886556,0.1970783664503591
2016-01-07,103904,0.0,0.0,-0.09262161482076255,0.0,0.013403773032908649,0.0,0.0,0.0,-0.0017098896828108834,0.0,0.0,-0.00235936919142126,-0.17229987142553566
2015-03-20,41232,0.0,0.0,0.0053075822802500635,0.0,0.017795374819785326,0.0,0.0,0.0,0.0018585627148191958,0.0,0.0,0.0011720403157392534,0.212980249782803
2015-04-17,40148,0.0,0.0,-0.11082363214637364,0.0,0.006478426520876168,0.0,0.0,0.0,-0.0016769040319240536,0.0,0.0,-0.006783332295276129,-0.17815993037129224
2016-01-28,52243,0.0,0.0,-0.06871792910602699,0.0,0.007596058030687597,0.0,0.0,0.0,0.00040289387417224987,0.0,0.0,0.0010966134171301496,-0.005372356585540434
2015-11-12,40963,0.0,0.0,0.13337057766486532,0.0,-0.001636286913977813,0.0,0.0,0.0,-0.0015672418766316532,0.0,0.0,-0.006924529377572444,-0.16873156025886948
2016-02-25,38647,0.0,0.0,0.007659553237162473,0.0,0.02577013675434815,0.0,0.0,0.0,-0.0019877671118403092,0.0,0.0,0.0011808638253232356,0.022411525155806224
2015-09-21,49970,0.0,0.0,-0.10981770626081806,0.0,0.01649818685219047,0.0,0.0,0.0,0.005641994986572262,0.0,0.0,0.0011276675966414157,0.19714797617370147
2016-02-04,36617,0.0,0.0,0.1851770910034209,0.0,-0.027516056096919452,0.0,0.0,0.0,0.0016558603191750747,0.0,0.0,0.001293457364696382,-0.005635651334813005
2015-11-12,46705,0.0,0.0,0.15393278108196426,0.0,-0.009880488974810885,0.0,0.0,0.0,-0.0013086811295422163,0.0,0.0,0.002377356400755753,-0.11202942003821229
2016-02-25,103386,0.0,0.0,0.020280723816225355,0.0,-0.002556905905273197,0.0,0.0,0.0,-0.001382563578716689,0.0,0.0,-0.007164870630113208,-0.1685777684431902
2015-04-17,11754,0.0,0.0,-0.03927870886195641,0.0,0.0002385071213457518,0.0,0.0,0.0,0.0008212431927642598,0.0,0.0,0.001107791090999519,-0.005392068032283163
2015-03-13,30453,0.0,0.0,0.02547270903132521,0.0,0.007447985938939619,0.0,0.0,0.0,0.0015714154688946465,0.0,0.0,0.0012074511925878328,-0.007120652145215114
2015-10-16,33848,0.0,0.0,-0.029152402042411752,0.0,-0.0007916061982091993,0.0,0.0,0.0,-0.0014253425965248343,0.0,0.0,-0.005789711387375024,-0.16570793683539475
2015-04-10,104377,0.0,0.0,0.0008666156148163517,0.0,0.011421315432854292,0.0,0.0,0.0,-0.001523606254503112,0.0,0.0,-0.008723706717008064,-0.1814227165423174
2016-05-12,25594,0.0,0.0,0.045276984448232374,0.0,0.002134901955468098,0.0,0.0,0.0,0.0016359102693791542,0.0,0.0,0.0012603311818571439,-0.007134872083538248
2015-09-21,26016,0.0,0.0,-0.014250878041160172,0.0,0.0018513500063719111,0.0,0.0,0.0,-0.0035808596718477285,0.0,0.0,0.0011725439937143173,0.05735921442305616
2015-07-03,41869,0.0,0.0,0.09397458578771321,0.0,-0.011708767473894885,0.0,0.0,0.0,-0.0012358530359332961,0.0,0.0,0.0014940716218197862,-0.060212019369501976
2016-01-28,40537,0.0,0.0,-0.053627334410643684,0.0,0.01581356362793673,0.0,0.0,0.0,-0.002359738616333026,0.0,0.0,0.0011163386957114309,0.021962292596019187
2015-04-17,37824,0.0,0.0,-0.004214610381148111,0.0,0.012304501868332155,0.0,0.0,0.0,0.0010466087495625736,0.0,0.0,0.0010965689805484612,-0.00616791099914973
2015-07-03,24491,0.0,0.0,0.021650969932138296,0.0,0.0036800031507209117,0.0,0.0,0.0,0.0057119167454591415,0.0,0.0,0.0011229575103051948,0.1402562659309439
2015-12-17,18576,0.0,0.0,0.004997282066157658,0.0,0.0076705997209192195,0.0,0.0,0.0,-0.0023993783368579935,0.0,0.0,0.0011637283323729347,0.09293609950073908
2015-04-24,30534,0.0,0.0,0.07459481988533703,0.0,-0.0033261675036275087,0.0,0.0,0.0,-0.00034830174961325566,0.0,0.0,0.002368313107787995,-0.10817341234775821
2015-09-21,24105,0.0,0.0,-0.06828022346233102,0.0,0.02327089247543627,0.0,0.0,0.0,0.0021570578938912566,0.0,0.0,0.0011255995866910895,0.21526154588919166
2015-09-04,26367,0.0,0.0,0.17803480236691074,0.0,-0.028382322503275995,0.0,0.0,0.0,0.0017353845968050034,0.0,0.0,0.0012499394634172267,0.18735579438828254
2016-01-14,71605,0.0,0.0,0.005889568851690706,0.0,0.00889974524153935,0.0,0.0,0.0,-0.001432796394017971,0.0,0.0,-0.008181823810647386,-0.17905361471190037
2015-11-06,39738,0.0,0.0,-0.10554417743000422,0.0,0.016578678980015516,0.0,0.0,0.0,-0.0016185839787584164,0.0,0.0,0.002303894689396957,-0.15594911928632088
2015-10-09,11758,0.0,0.0,-0.0798286791622479,0.0,0.013304558909277626,0.0,0.0,0.0,-0.0014545133138126054,0.0,0.0,-0.0020568381105065814,-0.15375371137310462
2016-03-31,27774,0.0,0.0,-0.08169941795684778,0.0,0.013861392056875508,0.0,0.0,0.0,-0.0011166368658562511,0.0,0.0,0.0010855145991762697,0.059430682422395256
2016-05-05,42443,0.0,0.0,0.0040495999643173205,0.0,-0.010270934157013176,0.0,0.0,0.0,-0.00039145744779899017,0.0,0.0,0.0017609600629156495,-0.10533504105373225
2015-10-30,47357,0.0,0.0,0.05081295035037855,0.0,0.009311494883259643,0.0,0.0,0.0,-0.0005356933118334656,0.0,0.0,0.0022717064816345023,-0.11457888692578765
2016-04-21,69249,0.0,0.0,-0.04888195584446144,0.0,0.0028421218397824094,0.0,0.0,0.0,-0.0015276480434767148,0.0,0.0,0.0021678350539558614,-0.1399690972897147
2016-03-10,30362,0.0,0.0,0.16768145936808812,0.0,-0.026961992963800124,0.0,0.0,0.0,-0.000628300442398172,0.0,0.0,0.001241388666562607,0.05005009416739064
2015-06-12,26335,0.0,0.0,0.117473435251531,0.0,-0.029836923757456512,0.0,0.0,0.0,0.0012432563303368858,0.0,0.0,0.0009543859416794587,0.19615364286834475
2015-11-26,8780,0.0,0.0,0.001258461029335147,0.0,0.022509189160403217,0.0,0.0,0.0,0.00123509094948852,0.0,0.0,0.0012276357824151547,-0.006694743745076891
2015-09-21,35463,0.0,0.0,-0.058603804504610224,0.0,0.017836196223754004,0.0,0.0,0.0,0.0022114972998015787,0.0,0.0,0.0011115706405302739,0.21290809981904568
2015-09-21,41332,0.0,0.0,-0.01931192499208063,0.0,-0.005361862464562888,0.0,0.0,0.0,-0.0030774369782998368,0.0,0.0,0.0011053155830889998,0.05650032793425752
2015-09-21,10637,0.0,0.0,0.16141252502890857,0.0,-0.05212018964585353,0.0,0.0,0.0,0.0012885860366712196,0.0,0.0,0.001129128729040474,0.18654235582252193
2016-04-07,67898,0.0,0.0,-0.018933098202830553,0.0,-0.0016728413198659382,0.0,0.0,0.0,-0.0013056085348703897,0.0,0.0,0.0017300341164031008,-0.10216197931182888
2016-03-10,36610,0.0,0.0,-0.01611481204107538,0.0,-0.03197987628597758,0.0,0.0,0.0,0.0018552490393150512,0.0,0.0,0.0011297582773671377,0.1941897809208684
2015-12-17,24408,0.0,0.0,0.17220220236008382,0.0,-0.022491346630118227,0.0,0.0,0.0,-0.0011620914909198235,0.0,0.0,-0.007177782945167399,-0.1485326857447241
2015-03-13,51360,0.0,0.0,-0.07436842338351819,0.0,0.01264583001242856,0.0,0.0,0.0,-0.0016887667054621414,0.0,0.0,-0.006470274946861085,-0.18286854340309133
2016-03-17,41238,0.0,0.0,0.005674728281154434,0.0,0.03395979457136145,0.0,0.0,0.0,0.0018548151098867214,0.0,0.0,0.0011802970145411429,0.2193511339933073
2016-04-07,74009,0.0,0.0,0.0478697489779714,0.0,0.0,0.0,0.0,0.0,-0.0015107761586266588,0.0,0.0,0.0012545693617799897,0.09482573603404516
2015-05-08,114738,0.0,0.0,-0.06357025143386218,0.0,-0.0015164698483692554,0.0,0.0,0.0,0.0,0.0,0.0,0.001134825591815422,-0.004998963766838423
2015-10-16,96652,0.0,0.0,-0.059343202263502544,0.0,0.009431857894330951,0.0,0.0,0.0,-0.0016314243962515518,0.0,0.0,-0.0023017056316037687,-0.1625049761017925
2015-10-30,30949,0.0,0.0,0.057726831068731374,0.0,-0.0425157989437021,0.0,0.0,0.0,0.00026945416173842357,0.0,0.0,0.0011069112937418003,-0.005819995080595348
2015-03-13,96616,0.0,0.0,-0.043076301767176715,0.0,0.014156515498896505,0.0,0.0,0.0,-0.0007822208062550351,0.0,0.0,0.0019747366177013184,-0.115701738414483
2015-04-10,42692,0.0,0.0,0.18927595392680047,0.0,-0.05574980012909248,0.0,0.0,0.0,0.0012899366092725942,0.0,0.0,0.0012893836377718126,0.18520987633876773
2015-07-03,23678,0.0,0.0,-0.08317077788016398,0.0,0.01254135894157873,0.0,0.0,0.0,0.0023318839065045076,0.0,0.0,0.0010984871180096112,0.2109118687718344
2016-06-30,68796,0.0,0.0,-0.05737497930162962,0.0,-0.0003100464756388907,0.0,0.0,0.0,-0.0024753277388912813,0.0,0.0,0.0011092294655170544,0.02167803053500818
2015-03-20,39069,0.0,0.0,0.1174453385180785,0.0,-0.02983013569975501,0.0,0.0,0.0,0.0012549098363086627,0.0,0.0,0.0009345724340562023,0.19618311154574727
2015-12-03,72518,0.0,0.0,-0.07604063944691249,0.0,-0.0007291035918177008,0.0,0.0,0.0,-0.002481187734302501,0.0,0.0,0.0010947458185640566,0.021559639824454187
2015-09-25,25587,0.0,0.0,-0.07891899591352772,0.0,0.026446039996644306,0.0,0.0,0.0,-0.005129827390354518,0.0,0.0,0.0011069783848921752,0.09299724458313331
2016-01-07,37950,0.0,0.0,-0.10601622678100783,0.0,0.016272864525051677,0.0,0.0,0.0,-0.0016399551491168562,0.0,0.0,-0.002313131924792501,-0.16995569429753968
2015-04-10,30829,0.0,0.0,-0.094404060234644,0.0,0.014051131960599976,0.0,0.0,0.0,-0.0029550161326504913,0.0,0.0,0.0011568854569017836,0.02357331503208908
2015-09-21,107920,0.0,0.0,-0.01756079233496112,0.0,-0.0006880830718039507,0.0,0.0,0.0,-0.001990984993781257,0.0,0.0,0.0011106711382825461,0.019819264272325023
2015-10-16,30968,0.0,0.0,0.10747101917900971,0.0,-0.027791322236877254,0.0,0.0,0.0,0.0012786660507765502,0.0,0.0,0.0010286610497246967,-0.006942687872675602
2015-09-21,110878,0.0,0.0,-0.01987356748015656,0.0,0.023866268145514118,0.0,0.0,0.0,0.004746642787457575,0.0,0.0,0.0011126486948235814,0.19924903137736089
2015-11-06,108401,0.0,0.0,-0.03475734955948165,0.0,0.001401196602099808,0.0,0.0,0.0,-0.001470981806868787,0.0,0.0,-0.005405935605991365,-0.17339001897306744
2015-05-15,25794,0.0,0.0,-0.014246886391321401,0.0,0.009895635276699368,0.0,0.0,0.0,0.0011268470476308457,0.0,0.0,0.0011334284282519865,-0.005735082182773044
2015-06-12,29255,0.0,0.0,-0.034882759891405636,0.0,0.008181942709847784,0.0,0.0,0.0,-0.001603278298088373,0.0,0.0,-0.005667151303285344,-0.1795272837539585
2015-05-08,93317,0.0,0.0,-0.004474333641600433,0.0,0.012685790946041067,0.0,0.0,0.0,0.012209035547315056,0.0,0.0,0.0011008952792670446,0.15596485496795148
2015-11-06,109621,0.0,0.0,-0.07923670613531557,0.0,-0.00047183396021646673,0.0,0.0,0.0,-0.001365216683886562,0.0,0.0,-0.0020638937136349383,-0.1555020968583545
2016-03-17,102879,0.0,0.0,0.07301425438863196,0.0,-0.02734296078804342,0.0,0.0,0.0,0.0014807004231799474,0.0,0.0,0.0012182485104569318,0.19545912924593165
2015-10-02,38777,0.0,0.0,-0.019180880752621494,0.0,0.006055894515037812,0.0,0.0,0.0,-0.00043621366174458054,0.0,0.0,0.0011067772028763507,-0.07724153535165335
2015-09-21,22544,0.0,0.0,0.08668006886765921,0.0,0.008367474634224934,0.0,0.0,0.0,-0.0015622212447518845,0.0,0.0,0.002364063994579916,-0.12488986963703667
2015-09-21,24003,0.0,0.0,0.030665808505508776,0.0,0.03040493281801035,0.0,0.0,0.0,0.001628492942988611,0.0,0.0,0.0012814487441851763,0.21806796185982671
2015-10-23,26552,0.0,0.0,0.0,0.0,-0.0060065213294113835,0.0,0.0,0.0,-0.0012051346378385286,0.0,0.0,-0.008108379982590053,-0.16481942893515647
2015-09-21,23435,0.0,0.0,-0.005978383892522484,0.0,-0.03727913603762869,0.0,0.0,0.0,0.0018483900567423986,0.0,0.0,0.0010881310625388552,0.19200024866376564
2015-09-21,46539,0.0,0.0,-0.019101604346140146,0.0,0.02403554393786943,0.0,0.0,0.0,0.002041010027889467,0.0,0.0,0.0011205050565603614,0.2149011400806625
2016-03-10,27300,0.0,0.0,0.17367743353464854,0.0,-0.01092111361792935,0.0,0.0,0.0,-0.0013356706740373613,0.0,0.0,0.001385949768239636,-0.05986982228348352
2015-09-21,46265,0.0,0.0,-0.023201809154424474,0.0,0.03685921644727827,0.0,0.0,0.0,0.002013657064304377,0.0,0.0,0.0010938576392194865,0.2203600597347987
2016-02-04,39367,0.0,0.0,-0.04874742285625648,0.0,0.0028158613119278024,0.0,0.0,0.0,0.00047420732531848475,0.0,0.0,0.0011131720451669066,-0.0045546615020085526
2015-06-05,26799,0.0,0.0,-0.02934046108791583,0.0,-0.004124226366469515,0.0,0.0,0.0,-0.0013676690135921612,0.0,0.0,0.0016790126950169404,-0.10178985612981237
2015-09-25,69479,0.0,0.0,-0.08536424244672661,0.0,0.027657428270604672,0.0,0.0,0.0,-0.0051687816989403855,0.0,0.0,0.0011124085753673324,0.09519489834758277
2015-10-02,71908,0.0,0.0,-0.015007705119000549,0.0,0.0019585479083910158,0.0,0.0,0.0,-0.00039788708744649404,0.0,0.0,0.0011420438868047008,-0.07692145184995819
2015-09-21,25416,0.0,0.0,-0.0672826814972603,0.0,0.04851590678287897,0.0,0.0,0.0,0.0021089781326127325,0.0,0.0,0.001133178728400519,0.22529529956241917
2015-09-21,69238,0.0,0.0,0.011974103379814822,0.0,-0.00777118401181315,0.0,0.0,0.0,-0.0027640968741608515,0.0,0.0,0.0011527996344271457,0.052092333630542054
2015-11-06,74744,0.0,0.0,0.05639103246112788,0.0,-0.0008879512833752795,0.0,0.0,0.0,-0.0013109211284895426,0.0,0.0,0.002356809522787386,-0.1422989809267353
2015-10-23,41882,0.0,0.0,-0.08267711119624127,0.0,0.01910291228762572,0.0,0.0,0.0,0.0,0.0,0.0,0.0010903272399532815,-0.005574885070238893
2016-01-07,26263,0.0,0.0,0.01743330648180639,0.0,-0.00144092320031608,0.0,0.0,0.0,0.0058489759346491005,0.0,0.0,0.0012050341025018445,0.1509575676186203
2015-09-21,50065,0.0,0.0,0.19123639507624263,0.0,-0.06729427310143905,0.0,0.0,0.0,0.0013132647211817046,0.0,0.0,0.0012616231487979634,0.18057130787729883
2016-02-25,72542,0.0,0.0,-0.08586775912356029,0.0,0.009628128049366807,0.0,0.0,0.0,0.00967296142720414,0.0,0.0,0.001091986812266188,0.14943429433999314
2015-09-21,36183,0.0,0.0,-0.02858164499641466,0.0,0.03426542407057437,0.0,0.0,0.0,0.002083783209883349,0.0,0.0,0.0010797638531442055,0.21792111014568585
2015-04-10,33692,0.0,0.0,-0.03908197121557998,0.0,-0.0015650878754875695,0.0,0.0,0.0,-0.0015708577088639486,0.0,0.0,-0.002292452029943858,-0.1589224720240542
2015-07-31,8780,0.0,0.0,0.0012547817669644678,0.0,0.02250762521171352,0.0,0.0,0.0,0.001234401219510805,0.0,0.0,0.0012287985844262217,-0.0066899736060498675
2016-03-24,27550,0.0,0.0,0.015627240289900604,0.0,0.006402735000610003,0.0,0.0,0.0,-0.0014036000839586782,0.0,0.0,-0.0017191808325637287,-0.16104388513960752
2015-09-21,101419,0.0,0.0,-0.004980499884658739,0.0,0.00248997069231606,0.0,0.0,0.0,0.0019107021559233448,0.0,0.0,0.0010992394753004675,0.2075516428243997
2015-04-24,74403,0.0,0.0,0.000713902926124822,0.0,0.0,0.0,0.0,0.0,-0.0005009027977165431,0.0,0.0,0.0019890075605396573,-0.10990810520238523
2016-02-18,95228,0.0,0.0,-0.08830378191013301,0.0,0.0011741353872041227,0.0,0.0,0.0,-0.0015073796100940875,0.0,0.0,-0.006758807175241027,-0.17266259858532318
2015-07-03,97236,0.0,0.0,-0.00477893940644512,0.0,-0.0002845324614328959,0.0,0.0,0.0,-0.0013844515935827208,0.0,0.0,-0.0013830684418384977,-0.1560985875036775
2015-10-16,37770,0.0,0.0,0.1655439599583787,0.0,-0.010358170619434719,0.0,0.0,0.0,-0.0013836521047322532,0.0,0.0,-0.0024741971648741716,-0.14400452374686787
2016-03-17,47357,0.0,0.0,0.05054499912544003,0.0,0.0043930833177114855,0.0,0.0,0.0,-0.001505839995260022,0.0,0.0,-0.00787015690470143,-0.1752676166932927
2015-11-12,41643,0.0,0.0,0.1565262178761793,0.0,-0.0138478256125403,0.0,0.0,0.0,-0.0012995259728409009,0.0,0.0,0.0023641930107285163,-0.10913558703079947
2016-01-07,40094,0.0,0.0,0.1830583719048826,0.0,-0.015188561153922548,0.0,0.0,0.0,0.0,0.0,0.0,0.002496157270218055,-0.10247085136415948
2015-05-22,26441,0.0,0.0,0.005185731969999939,0.0,-0.004619272535263081,0.0,0.0,0.0,-0.0012666741280863208,0.0,0.0,0.00115720524362449,-0.020393162469382484
2015-10-30,27534,0.0,0.0,-0.030487244739759615,0.0,-0.008746495430625119,0.0,0.0,0.0,-0.0013529559410847547,0.0,0.0,-0.002076275238902081,-0.15749432605224878
2016-05-05,96623,0.0,0.0,0.1251884773728726,0.0,-0.016194426860637812,0.0,0.0,0.0,0.001889905737545007,0.0,0.0,0.0009506563710164201,-0.006372893733705544
2015-09-21,26590,0.0,0.0,0.01650837251091461,0.0,0.024497529685601323,0.0,0.0,0.0,0.0033896638672250255,0.0,0.0,0.0011944043827464557,0.20130766963277244
2016-05-12,26209,0.0,0.0,-0.03410212936467532,0.0,0.006203451810241652,0.0,0.0,0.0,-0.001288653384957622,0.0,0.0,0.0010085049285210026,0.09398569393818311
2015-07-24,98209,0.0,0.0,0.04693864802997497,0.0,0.027262465893015623,0.0,0.0,0.0,0.005694407860035947,0.0,0.0,0.0012938075898557833,0.14625675211644223
2015-09-21,36554,0.0,0.0,-0.05298812078634781,0.0,0.051920478814511915,0.0,0.0,0.0,0.008351605314624151,0.0,0.0,0.0011304097740763297,0.1992293764480215
2015-07-24,30824,0.0,0.0,0.05783464622469221,0.0,-0.022852683610031777,0.0,0.0,0.0,-0.0011051278574846016,0.0,0.0,0.0011925130484805515,0.016514451169096014
2016-03-10,91503,0.0,0.0,-0.010026850694786033,0.0,0.0011286183834346986,0.0,0.0,0.0,-0.0014530207487380153,0.0,0.0,-0.0018265887322933567,-0.15692904176326802
2016-04-14,114044,0.0,0.0,-0.03469822288359536,0.0,0.0033244075390136065,0.0,0.0,0.0,0.0,0.0,0.0,0.001010562721783348,0.12037735493274063
2015-10-16,73448,0.0,0.0,0.09361512126189424,0.0,-0.009202256531478279,0.0,0.0,0.0,-0.0013103891332252038,0.0,0.0,-0.0032957173904348577,-0.14772729177442293
2015-10-09,94086,0.0,0.0,-0.0836485945078485,0.0,0.014239335212533085,0.0,0.0,0.0,-0.0015135948198387872,0.0,0.0,-0.0020491730160071874,-0.15392455466763053
2015-10-23,27155,0.0,0.0,-0.019477399539162644,0.0,0.008889114006000625,0.0,0.0,0.0,-0.001563660132955197,0.0,0.0,-0.007141172996577053,-0.17998214920653985
2015-03-27,30827,0.0,0.0,-0.015886098232231163,0.0,0.004367513876188842,0.0,0.0,0.0,-0.0014081653281342419,0.0,0.0,0.001152167064350118,-0.06568454185589112
2015-05-22,39763,0.0,0.0,0.10669137211607645,0.0,-0.00311855874304919,0.0,0.0,0.0,-0.0007643087342881494,0.0,0.0,0.001325256431783318,0.1264307758288058
2015-10-30,71724,0.0,0.0,-0.1051424428987178,0.0,0.01909170360712164,0.0,0.0,0.0,0.0,0.0,0.0,0.0011100352328972801,-0.004992271859355736
2015-07-31,32826,0.0,0.0,-0.024114421068382717,0.0,0.008547597908732758,0.0,0.0,0.0,0.0011116840264445403,0.0,0.0,0.0010715990473759603,-0.0059618007919419415
2016-01-07,94685,0.0,0.0,-0.07250059581358079,0.0,0.01982832703319106,0.0,0.0,0.0,-0.002306665931605161,0.0,0.0,0.0010860663464063378,0.021686216052117686
2015-09-21,75307,0.0,0.0,-0.06002939939574787,0.0,-0.017464673543673044,0.0,0.0,0.0,0.002115487234546903,0.0,0.0,0.0011018783619266004,0.1999733984685787
2016-03-10,25922,0.0,0.0,-0.02950818514653329,0.0,0.0,0.0,0.0,0.0,0.0019855602005452197,0.0,0.0,0.0010569520397493426,0.20639379909237113
2015-09-21,118896,0.0,0.0,-0.01840223108407331,0.0,0.042574689923315534,0.0,0.0,0.0,0.002002015472238138,0.0,0.0,0.001129214269364548,0.22239578703537172
2015-07-16,69675,0.0,0.0,-0.06385616548611885,0.0,0.01087124988651061,0.0,0.0,0.0,-0.0007217860829156486,0.0,0.0,0.0018315571454550347,-0.1039955888730512
2015-12-03,45464,0.0,0.0,-0.011842965049228148,0.0,0.0023657332408449382,0.0,0.0,0.0,-0.002020104925725245,0.0,0.0,0.00115419618456878,0.021028884686111537
2016-03-17,32907,0.0,0.0,-0.11317207555446976,0.0,0.008089190635592314,0.0,0.0,0.0,0.0023942897806873186,0.0,0.0,0.0011659152206792284,0.2088182847127284
2016-04-14,23988,0.0,0.0,-0.10170930552007032,0.0,0.01155857613474588,0.0,0.0,0.0,0.0,0.0,0.0,0.0011241890853894987,-0.0052727142664961224
2015-09-21,28467,0.0,0.0,-0.05858885260514022,0.0,0.0336443444791371,0.0,0.0,0.0,0.002183087994935311,0.0,0.0,0.0011233636239317002,0.21885141046884224
2015-12-17,109061,0.0,0.0,-0.10608738051819588,0.0,0.0009344382444298471,0.0,0.0,0.0,-0.0014704000884993194,0.0,0.0,-0.0023637150077850835,-0.15724796413172912
2016-03-10,35554,0.0,0.0,0.05828570680605163,0.0,-0.033503383248660853,0.0,0.0,0.0,-0.0008992878779074502,0.0,0.0,0.0013357707602203567,-0.055043001496857404
2015-12-17,94309,0.0,0.0,-0.05501916044886063,0.0,-0.0035449974757841354,0.0,0.0,0.0,-0.0014018473186124536,0.0,0.0,-0.0023716978845976506,-0.1607448147046628
2015-12-10,37434,0.0,0.0,0.17668980505562165,0.0,-0.012491578924982507,0.0,0.0,0.0,-0.0014481869358679992,0.0,0.0,-0.007377388234091359,-0.1566093854999502
2015-05-15,27461,0.0,0.0,-0.01465885406074254,0.0,0.00030734503132306967,0.0,0.0,0.0,0.001966130525172264,0.0,0.0,0.0011519191218061905,0.20670355629840131
2015-05-01,80564,0.0,0.0,0.09829752332112923,0.0,0.0037985551236591245,0.0,0.0,0.0,0.00018556087899565532,0.0,0.0,0.002333306125702047,-0.11352261895741493
2015-09-21,29255,0.0,0.0,-0.032856120988510575,0.0,0.0192661488052184,0.0,0.0,0.0,-0.0017547632238073382,0.0,0.0,0.0010303990440381494,0.05908648673055974
2015-09-21,28133,0.0,0.0,-0.03436186391206472,0.0,0.0024091049178397357,0.0,0.0,0.0,0.002005333005613122,0.0,0.0,0.0010050051067070354,0.207628147852339
2015-10-16,67389,0.0,0.0,-0.05405844519819269,0.0,-0.00019682918744773348,0.0,0.0,0.0,-0.0014673765675858477,0.0,0.0,-0.006060028639355074,-0.16519186508157677
2015-03-20,38440,0.0,0.0,-0.033373801885750294,0.0,0.014372218523213208,0.0,0.0,0.0,-0.0008063553559030379,0.0,0.0,0.0015970287261146707,-0.1157019193173765
2015-09-25,114688,0.0,0.0,-0.05707545872161704,0.0,-0.002780029033191417,0.0,0.0,0.0,-0.004945397801431076,0.0,0.0,0.0011471733859576318,0.08823011015550183
2016-03-10,93431,0.0,0.0,-0.10999881380513554,0.0,0.03102021015739104,0.0,0.0,0.0,0.0025004381543622606,0.0,0.0,0.0011396131126124864,0.2178183915567093
2015-09-21,42017,0.0,0.0,0.0638814424122091,0.0,-0.017386389333164692,0.0,0.0,0.0,-0.002246464351675028,0.0,0.0,0.0011991528854849026,0.04955211041861504
2015-09-21,91695,0.0,0.0,-0.028305632232669593,0.0,-0.0005592625255672612,0.0,0.0,0.0,-0.0014627234996752682,0.0,0.0,0.0017572432532675438,-0.11585160254514677
